sequence,frame_id,raw_points,removed_ground_points,nonground_points,algorithm,csf_ms,cluster_ms,total_ms,cluster_fps,total_fps,clusters
00,000000,124668,82014,42654,RG,91.852979,247.655686,339.508665,4.037864,2.945433,39
00,000001,124605,80525,44080,RG,75.465786,237.282293,312.748079,4.214389,3.197462,40
00,000002,124478,80250,44228,RG,65.364488,236.879873,302.244361,4.221549,3.308581,44
00,000003,124167,77819,46348,RG,55.909743,250.792936,306.702679,3.987353,3.260487,49
00,000004,123969,77729,46240,RG,59.944987,252.453813,312.398800,3.961121,3.201037,54
00,000005,123924,77161,46763,RG,50.692142,251.923920,302.616062,3.969452,3.304517,59
00,000006,123373,73312,50061,RG,42.819696,276.484798,319.304494,3.616835,3.131807,59
00,000007,122765,75808,46957,RG,42.136000,258.766307,300.902307,3.864491,3.323338,54
00,000008,122123,72661,49462,RG,37.998884,281.880865,319.879749,3.547598,3.126175,48
00,000009,121357,70969,50388,RG,45.217467,280.645181,325.862648,3.563218,3.068778,49
00,000010,121018,70158,50860,RG,37.915178,282.471419,320.386597,3.540181,3.121229,50
00,000011,120945,67417,53528,RG,39.667804,302.159933,341.827737,3.309506,2.925450,51
00,000012,120503,67520,52983,RG,37.561414,303.730996,341.292410,3.292387,2.930039,49
00,000013,120295,66724,53571,RG,58.359485,305.889430,364.248915,3.269155,2.745375,65
00,000014,120406,66320,54086,RG,72.577363,305.574768,378.152131,3.272522,2.644438,64
00,000015,121023,68474,52549,RG,61.785159,295.638012,357.423171,3.382515,2.797804,55
00,000016,121842,69614,52228,RG,54.842618,295.018135,349.860753,3.389622,2.858280,55
00,000017,123107,73099,50008,RG,66.475284,280.618914,347.094198,3.563552,2.881062,53
00,000018,123940,74162,49778,RG,69.592619,281.796604,351.389223,3.548659,2.845847,45
00,000019,124301,74889,49412,RG,82.197962,279.360925,361.558887,3.579599,2.765801,43
00,000020,124553,75689,48864,RG,75.247208,271.295211,346.542419,3.686022,2.885650,49
00,000021,124656,74220,50436,RG,119.040434,285.893506,404.933940,3.497806,2.469539,35
00,000022,124644,73075,51569,RG,113.180396,300.824038,414.004434,3.324202,2.415433,52
00,000023,124526,73284,51242,RG,77.812620,283.347600,361.160220,3.529234,2.768854,41
00,000024,124520,70154,54366,RG,83.616476,295.181863,378.798339,3.387742,2.639927,45
00,000025,124600,74036,50564,RG,63.748653,271.133665,334.882318,3.688218,2.986124,41
00,000026,124550,69784,54766,RG,65.260513,291.020714,356.281227,3.436182,2.806772,43
00,000027,124242,71079,53163,RG,65.331112,280.046447,345.377559,3.570836,2.895382,34
00,000028,124163,65827,58336,RG,136.181021,308.107745,444.288766,3.245618,2.250788,50
00,000029,124018,68430,55588,RG,69.149160,308.572478,377.721638,3.240730,2.647452,47
00,000030,124134,66146,57988,RG,51.821164,320.021118,371.842282,3.124794,2.689312,53
00,000031,124140,63614,60526,RG,48.691673,336.034750,384.726423,2.975883,2.599250,57
00,000032,123932,58837,65095,RG,75.462812,373.300122,448.762934,2.678810,2.228348,66
00,000033,123826,71147,52679,RG,66.859627,296.035151,362.894778,3.377977,2.755620,49
00,000034,123502,71331,52171,RG,42.799750,285.434788,328.234538,3.503427,3.046602,48
00,000035,123006,68832,54174,RG,43.651597,294.732672,338.384269,3.392905,2.955220,53
00,000036,122749,61576,61173,RG,52.435364,331.291564,383.726928,3.018489,2.606020,66
00,000037,122379,68644,53735,RG,45.420361,296.239866,341.660227,3.375643,2.926884,54
00,000038,121738,68090,53648,RG,51.078717,295.638827,346.717544,3.382506,2.884192,57
00,000039,121497,67306,54191,RG,55.798610,291.121399,346.920009,3.434993,2.882509,52
00,000040,121148,69786,51362,RG,52.180308,273.334547,325.514855,3.658520,3.072056,51
00,000041,120359,64722,55637,RG,45.966042,300.730247,346.696289,3.325239,2.884369,56
00,000042,119454,67757,51697,RG,36.902632,278.525466,315.428098,3.590336,3.170295,59
00,000043,118399,62688,55711,RG,29.771276,307.966230,337.737506,3.247109,2.960879,64
00,000044,116881,61290,55591,RG,40.525453,299.324676,339.850129,3.340854,2.942474,63
00,000045,114496,61115,53381,RG,42.572323,290.782463,333.354786,3.438997,2.999807,49
00,000046,113139,57332,55807,RG,56.361200,307.211760,363.572960,3.255084,2.750480,54
00,000047,113810,55248,58562,RG,57.204253,328.958032,386.162285,3.039901,2.589585,52
00,000048,115974,59752,56222,RG,57.394590,302.796415,360.191005,3.302549,2.776305,50
00,000049,117156,61324,55832,RG,63.055565,302.978483,366.034048,3.300564,2.731986,55
00,000050,118636,59202,59434,RG,80.834530,333.034260,413.868790,3.002694,2.416225,54
00,000051,119830,65683,54147,RG,56.768554,295.058415,351.826969,3.389159,2.842306,44
00,000052,120796,54500,66296,RG,166.887151,366.169996,533.057147,2.730972,1.875971,69
00,000053,121891,67655,54236,RG,68.886052,292.200500,361.086552,3.422308,2.769419,54
00,000054,122639,66380,56259,RG,73.937693,312.989782,386.927475,3.194992,2.584464,54
00,000055,123343,59686,63657,RG,212.009357,351.175677,563.185034,2.847578,1.775615,57
00,000056,123232,55080,68152,RG,241.394219,381.781428,623.175647,2.619300,1.604684,62
00,000057,123130,55311,67819,RG,306.087274,383.098383,689.185657,2.610296,1.450988,60
00,000058,122929,57305,65624,RG,398.823798,366.813294,765.637092,2.726183,1.306102,66
00,000059,122703,49373,73330,RG,291.253181,417.205560,708.458741,2.396900,1.411515,78
00,000060,122569,56260,66309,RG,258.775487,368.494479,627.269966,2.713745,1.594210,75
00,000061,122161,51238,70923,RG,342.470174,399.585050,742.055224,2.502596,1.347609,66
00,000062,121732,68804,52928,RG,81.106140,296.222604,377.328744,3.375840,2.650209,43
00,000063,120696,69019,51677,RG,107.564607,280.957183,388.521790,3.559261,2.573858,38
00,000064,120938,62621,58317,RG,87.733902,324.722805,412.456707,3.079550,2.424497,58
00,000065,121051,64116,56935,RG,89.934567,314.845898,404.780465,3.176157,2.470475,61
00,000066,121199,59055,62144,RG,184.448340,344.211009,528.659349,2.905195,1.891577,52
00,000067,121116,49970,71146,RG,150.054587,392.995886,543.050473,2.544556,1.841449,71
00,000068,121081,49956,71125,RG,189.732434,389.711663,579.444097,2.566000,1.725792,64
00,000069,121097,68357,52740,RG,66.316854,279.289283,345.606137,3.580517,2.893467,55
00,000070,120793,67553,53240,RG,45.632104,284.224130,329.856234,3.518350,3.031624,58
00,000071,120492,67617,52875,RG,56.828135,289.092134,345.920269,3.459105,2.890840,51
00,000072,120282,60045,60237,RG,87.695201,327.612003,415.307204,3.052391,2.407856,61
00,000073,120036,68403,51633,RG,32.719363,276.673978,309.393341,3.614362,3.232132,57
00,000074,119747,59332,60415,RG,71.564500,328.744276,400.308776,3.041878,2.498072,71
00,000075,119053,67073,51980,RG,34.415149,281.527906,315.943055,3.552046,3.165127,55
00,000076,118742,66752,51990,RG,58.012639,286.242487,344.255126,3.493541,2.904822,60
00,000077,118174,58761,59413,RG,69.967118,323.083071,393.050189,3.095179,2.544204,55
00,000078,117478,55650,61828,RG,57.689927,340.005517,397.695444,2.941129,2.514487,67
00,000079,117445,66741,50704,RG,35.351926,269.952198,305.304124,3.704360,3.275423,59
00,000080,117412,60895,56517,RG,108.904366,306.960405,415.864771,3.257749,2.404628,67
00,000081,117740,60457,57283,RG,113.563733,313.025592,426.589325,3.194627,2.344175,65
00,000082,117977,62469,55508,RG,110.945586,303.202152,414.147738,3.298130,2.414597,70
00,000083,118573,67032,51541,RG,32.863243,283.865743,316.728986,3.522792,3.157273,64
00,000084,119351,61112,58239,RG,49.353704,321.752566,371.106270,3.107978,2.694646,69
00,000085,119125,63309,55816,RG,45.984051,308.036410,354.020461,3.246369,2.824695,69
00,000086,119352,61157,58195,RG,158.011393,320.223880,478.235273,3.122815,2.091021,79
00,000087,119815,67141,52674,RG,57.376514,284.933745,342.310259,3.509588,2.921326,60
00,000088,120067,61611,58456,RG,73.614746,323.238879,396.853625,3.093687,2.519821,74
00,000089,120549,55554,64995,RG,230.543759,364.434463,594.978222,2.743978,1.680734,76
00,000090,120965,63574,57391,RG,81.084953,325.211108,406.296061,3.074926,2.461259,61
00,000091,121333,61427,59906,RG,100.260304,347.393830,447.654134,2.878577,2.233867,70
00,000092,121500,71322,50178,RG,95.273489,284.274511,379.548000,3.517727,2.634713,55
00,000093,121595,65993,55602,RG,84.268234,316.561934,400.830168,3.158940,2.494822,62
00,000094,121618,65796,55822,RG,87.355091,315.106863,402.461954,3.173527,2.484707,70
00,000095,121671,67417,54254,RG,82.694861,308.498031,391.192892,3.241512,2.556284,55
00,000096,121760,68570,53190,RG,98.556721,301.212921,399.769642,3.319911,2.501441,60
00,000097,121951,67909,54042,RG,130.092361,308.122851,438.215212,3.245459,2.281984,64
00,000098,122234,69023,53211,RG,109.444137,306.245100,415.689237,3.265358,2.405643,58
00,000099,122492,71997,50495,RG,159.535350,284.984311,444.519661,3.508965,2.249619,46
01,000000,122829,102327,20502,RG,139.145853,118.543109,257.688962,8.435750,3.880647,8
01,000001,122766,102606,20160,RG,115.833083,116.311614,232.144697,8.597594,4.307658,7
01,000002,122724,103733,18991,RG,104.436310,109.046310,213.482620,9.170416,4.684222,11
01,000003,122780,104347,18433,RG,140.058700,105.632507,245.691207,9.466783,4.070150,10
01,000004,122755,104762,17993,RG,121.127705,104.642036,225.769741,9.556389,4.429292,10
01,000005,122901,105237,17664,RG,125.649488,101.174244,226.823732,9.883938,4.408710,8
01,000006,122768,105445,17323,RG,117.117720,98.413799,215.531519,10.161177,4.639693,9
01,000007,122826,105845,16981,RG,123.324996,93.699357,217.024353,10.672432,4.607778,9
01,000008,122447,105657,16790,RG,120.705035,88.046692,208.751727,11.357610,4.790380,8
01,000009,122330,106200,16130,RG,113.286044,82.734656,196.020700,12.086833,5.101502,8
01,000010,122208,106530,15678,RG,108.229489,81.621963,189.851452,12.251604,5.267276,8
01,000011,122044,106816,15228,RG,126.002537,79.472189,205.474726,12.583018,4.866779,5
01,000012,122164,106795,15369,RG,137.318150,80.237380,217.555530,12.463019,4.596528,5
01,000013,122179,107437,14742,RG,125.106039,77.388522,202.494561,12.921813,4.938404,6
01,000014,122104,107510,14594,RG,107.692413,75.881546,183.573959,13.178435,5.447396,5
01,000015,122230,107796,14434,RG,104.979793,75.923370,180.903163,13.171175,5.527819,5
01,000016,122258,108176,14082,RG,124.939243,72.626554,197.565797,13.769069,5.061605,4
01,000017,122223,107264,14959,RG,103.850305,77.094903,180.945208,12.971026,5.526535,6
01,000018,122460,108097,14363,RG,122.200114,75.424192,197.624306,13.258346,5.060106,7
01,000019,122383,107701,14682,RG,107.288973,78.575643,185.864616,12.726590,5.380260,8
01,000020,122380,107735,14645,RG,104.977509,80.227374,185.204883,12.464574,5.399426,5
01,000021,122353,107518,14835,RG,117.396954,80.743780,198.140734,12.384855,5.046918,5
01,000022,122449,107888,14561,RG,130.448516,78.206686,208.655202,12.786631,4.792596,4
01,000023,122574,107684,14890,RG,127.312197,80.141262,207.453459,12.477967,4.820358,6
01,000024,122729,107862,14867,RG,153.454454,82.287033,235.741487,12.152583,4.241935,5
01,000025,122850,108092,14758,RG,128.251754,84.034932,212.286686,11.899813,4.710611,6
01,000026,122807,106328,16479,RG,152.509196,89.836150,242.345346,11.131376,4.126343,8
01,000027,122986,106317,16669,RG,126.457808,91.823466,218.281274,10.890462,4.581245,10
01,000028,123035,105984,17051,RG,95.253336,96.255124,191.508460,10.389057,5.221701,9
01,000029,122930,105525,17405,RG,95.261030,98.024060,193.285090,10.201577,5.173705,12
01,000030,122859,105545,17314,RG,118.407185,95.748362,214.155547,10.444043,4.669503,15
01,000031,123000,105595,17405,RG,131.978749,100.194629,232.173378,9.980575,4.307126,7
01,000032,123166,106131,17035,RG,156.256339,93.953175,250.209514,10.643600,3.996651,12
01,000033,123170,105791,17379,RG,151.372965,97.217340,248.590305,10.286231,4.022683,11
01,000034,123128,103735,19393,RG,140.348720,109.453224,249.801944,9.136323,4.003171,13
01,000035,123037,107937,15100,RG,115.415257,82.769033,198.184290,12.081813,5.045809,3
01,000036,123005,104369,18636,RG,87.577137,103.693425,191.270562,9.643813,5.228196,10
01,000037,123045,103678,19367,RG,95.824293,108.207226,204.031519,9.241527,4.901204,9
01,000038,122948,106858,16090,RG,99.239606,90.782169,190.021775,11.015379,5.262555,4
01,000039,122833,104234,18599,RG,156.272250,115.335858,271.608108,8.670330,3.681775,10
01,000040,122512,106211,16301,RG,146.115631,95.913169,242.028800,10.426097,4.131740,5
01,000041,122216,101564,20652,RG,100.269948,122.206258,222.476206,8.182887,4.494863,9
01,000042,122000,104243,17757,RG,141.234258,102.900949,244.135207,9.718083,4.096091,3
01,000043,121735,103983,17752,RG,119.574368,105.727153,225.301521,9.458308,4.438496,3
01,000044,121540,102599,18941,RG,111.090324,109.457582,220.547906,9.135959,4.534162,9
01,000045,121415,103393,18022,RG,110.631252,104.116358,214.747610,9.604639,4.656629,3
01,000046,121284,103149,18135,RG,91.088580,106.859300,197.947880,9.358100,5.051835,5
01,000047,121071,101924,19147,RG,75.804886,111.972335,187.777221,8.930777,5.325460,6
01,000048,120884,102097,18787,RG,88.293577,112.232123,200.525700,8.910105,4.986892,7
01,000049,120756,100763,19993,RG,98.667319,120.237716,218.905035,8.316858,4.568191,7
01,000050,120711,98758,21953,RG,88.900828,132.715201,221.616029,7.534932,4.512309,9
01,000051,120714,99678,21036,RG,91.122872,122.333171,213.456043,8.174398,4.684805,5
01,000052,120576,99336,21240,RG,154.644614,127.632626,282.277240,7.834987,3.542616,3
01,000053,120631,95778,24853,RG,149.155221,144.801926,293.957147,6.905985,3.401856,9
01,000054,120545,97425,23120,RG,89.319310,141.042908,230.362218,7.090041,4.340990,6
01,000055,120665,98774,21891,RG,103.212304,134.425436,237.637740,7.439068,4.208086,4
01,000056,120861,97661,23200,RG,81.849249,147.230463,229.079712,6.792073,4.365293,5
01,000057,120986,92343,28643,RG,88.493735,180.231893,268.725628,5.548408,3.721268,8
01,000058,121152,95346,25806,RG,82.234774,165.520564,247.755338,6.041545,4.036240,5
01,000059,121471,93922,27549,RG,87.348967,173.423200,260.772167,5.766241,3.834765,3
01,000060,121622,91752,29870,RG,77.131704,196.689047,273.820751,5.084167,3.652024,3
01,000061,121778,91156,30622,RG,76.349453,196.838952,273.188405,5.080295,3.660477,9
01,000062,122012,86455,35557,RG,93.698064,230.007131,323.705195,4.347691,3.089231,8
01,000063,122145,89447,32698,RG,84.599452,213.857669,298.457121,4.676007,3.350565,3
01,000064,122333,90062,32271,RG,80.325726,213.177628,293.503354,4.690924,3.407116,4
01,000065,122400,86439,35961,RG,82.548094,237.321907,319.870001,4.213686,3.126270,8
01,000066,122552,87604,34948,RG,78.724492,238.388133,317.112625,4.194840,3.153454,6
01,000067,122546,85634,36912,RG,202.015345,242.546892,444.562237,4.122914,2.249404,6
01,000068,122525,85990,36535,RG,211.261580,244.868932,456.130512,4.083817,2.192355,5
01,000069,122522,84552,37970,RG,153.319239,248.546116,401.865355,4.023398,2.488396,10
01,000070,122676,83614,39062,RG,237.765842,259.313947,497.079789,3.856329,2.011749,10
01,000071,122836,84153,38683,RG,210.179341,256.818642,466.997983,3.893798,2.141337,8
01,000072,122817,83873,38944,RG,192.001688,260.308946,452.310634,3.841589,2.210870,9
01,000073,122909,83466,39443,RG,200.935081,259.387250,460.322331,3.855240,2.172391,6
01,000074,122978,82343,40635,RG,118.440440,267.662145,386.102585,3.736053,2.589985,12
01,000075,123141,83320,39821,RG,149.397365,260.685841,410.083206,3.836035,2.438530,6
01,000076,123281,85594,37687,RG,165.708172,250.529351,416.237523,3.991548,2.402474,3
01,000077,123542,84057,39485,RG,104.610986,257.083529,361.694515,3.889786,2.764764,10
01,000078,123739,87707,36032,RG,67.923470,236.275163,304.198633,4.232353,3.287326,4
01,000079,123820,86645,37175,RG,105.362338,232.453370,337.815708,4.301938,2.960194,5
01,000080,124060,86614,37446,RG,122.270482,234.907355,357.177837,4.256997,2.799726,4
01,000081,124019,86709,37310,RG,71.716861,234.237544,305.954405,4.269170,3.268461,9
01,000082,124166,89721,34445,RG,61.779961,222.638329,284.418290,4.491590,3.515948,6
01,000083,124253,87589,36664,RG,69.910203,232.913083,302.823286,4.293447,3.302256,2
01,000084,124370,87669,36701,RG,82.229618,240.177335,322.406953,4.163590,3.101670,5
01,000085,124461,89709,34752,RG,62.234938,223.474971,285.709909,4.474774,3.500054,5
01,000086,124582,89812,34770,RG,68.486663,224.579243,293.065906,4.452771,3.412202,4
01,000087,124702,89794,34908,RG,72.152857,223.104305,295.257162,4.482208,3.386878,6
01,000088,124755,89116,35639,RG,98.450150,226.132687,324.582837,4.422182,3.080878,4
01,000089,124837,89051,35786,RG,93.297107,226.670011,319.967118,4.411700,3.125321,6
01,000090,124389,90178,34211,RG,88.173885,220.297301,308.471186,4.539320,3.241794,4
01,000091,124828,89679,35149,RG,64.117398,225.145724,289.263122,4.441568,3.457060,7
01,000092,124798,87702,37096,RG,78.263803,241.035940,319.299743,4.148759,3.131853,10
01,000093,124846,85990,38856,RG,74.501742,251.804704,326.306446,3.971332,3.064604,8
01,000094,124834,85865,38969,RG,80.648491,250.688226,331.336717,3.989019,3.018078,10
01,000095,124816,86621,38195,RG,75.514371,246.696510,322.210881,4.053564,3.103558,7
01,000096,124870,86343,38527,RG,84.714143,249.071196,333.785339,4.014916,2.995937,13
01,000097,124858,88837,36021,RG,93.408875,234.651370,328.060245,4.261641,3.048221,15
01,000098,124889,87215,37674,RG,85.182192,243.251503,328.433695,4.110972,3.044755,16
01,000099,124855,84060,40795,RG,73.739507,258.901556,332.641063,3.862472,3.006243,21
02,000000,124649,96585,28064,RG,84.357378,157.149114,241.506492,6.363383,4.140675,11
02,000001,124531,87670,36861,RG,291.349829,216.924594,508.274423,4.609897,1.967441,18
02,000002,124411,87566,36845,RG,230.257958,216.101957,446.359915,4.627445,2.240345,11
02,000003,124253,89225,35028,RG,225.603041,206.214683,431.817724,4.849315,2.315792,14
02,000004,124173,88593,35580,RG,220.903775,209.980505,430.884280,4.762347,2.320809,11
02,000005,124116,89651,34465,RG,273.322494,213.618795,486.941289,4.681236,2.053636,14
02,000006,123967,93025,30942,RG,262.250661,189.812845,452.063506,5.268347,2.212079,11
02,000007,123889,94442,29447,RG,238.767864,177.445705,416.213569,5.635527,2.402613,10
02,000008,123881,92777,31104,RG,257.150503,186.700209,443.850712,5.356180,2.253010,12
02,000009,123810,91071,32739,RG,301.318604,200.491250,501.809854,4.987749,1.992787,10
02,000010,123652,95838,27814,RG,213.824641,166.364924,380.189565,6.010882,2.630267,10
02,000011,123548,96054,27494,RG,193.278552,165.786862,359.065414,6.031841,2.785008,10
02,000012,123409,95195,28214,RG,323.780740,167.586713,491.367453,5.967060,2.035137,11
02,000013,122918,95597,27321,RG,257.446060,161.293110,418.739170,6.199893,2.388121,9
02,000014,122184,92797,29387,RG,304.341041,175.139837,479.480878,5.709723,2.085589,13
02,000015,121930,87370,34560,RG,326.404638,205.523692,531.928330,4.865619,1.879953,28
02,000016,122092,92543,29549,RG,332.207366,174.346215,506.553581,5.735714,1.974125,15
02,000017,122044,97162,24882,RG,269.478694,143.711641,413.190335,6.958379,2.420192,12
02,000018,122377,101216,21161,RG,115.568594,111.782539,227.351133,8.945941,4.398483,10
02,000019,122768,101168,21600,RG,160.097446,116.441222,276.538668,8.588024,3.616131,7
02,000020,123245,99616,23629,RG,347.561110,125.829864,473.390974,7.947239,2.112419,9
02,000021,123534,103053,20481,RG,141.912916,110.325349,252.238265,9.064100,3.964506,8
02,000022,123496,102772,20724,RG,178.716551,112.102842,290.819393,8.920380,3.438560,10
02,000023,123464,104006,19458,RG,128.286667,108.037955,236.324622,9.256006,4.231468,5
02,000024,123380,103969,19411,RG,140.894407,105.153399,246.047806,9.509916,4.064251,5
02,000025,123288,105607,17681,RG,125.422339,96.180333,221.602672,10.397136,4.512581,3
02,000026,123216,104870,18346,RG,128.841982,99.927949,228.769931,10.007210,4.371204,4
02,000027,123227,104577,18650,RG,129.278964,101.366955,230.645919,9.865148,4.335650,5
02,000028,123274,104470,18804,RG,298.726636,101.088901,399.815537,9.892283,2.501153,6
02,000029,123137,104107,19030,RG,334.833510,105.129075,439.962585,9.512116,2.272921,8
02,000030,123189,103519,19670,RG,355.257612,111.094748,466.352360,9.001326,2.144301,8
02,000031,123076,105438,17638,RG,329.793021,94.174496,423.967517,10.618586,2.358671,5
02,000032,122917,105742,17175,RG,246.388579,91.294619,337.683198,10.953548,2.961356,4
02,000033,122775,103949,18826,RG,357.061295,102.372998,459.434293,9.768201,2.176590,5
02,000034,122511,104710,17801,RG,248.750796,100.736498,349.487294,9.926889,2.861334,5
02,000035,122347,104100,18247,RG,361.491982,98.951257,460.443239,10.105986,2.171820,5
02,000036,122263,104815,17448,RG,255.293157,93.468420,348.761577,10.698801,2.867288,6
02,000037,122194,104300,17894,RG,209.730174,94.754798,304.484972,10.553555,3.284234,6
02,000038,122052,104893,17159,RG,177.361792,91.424055,268.785847,10.938040,3.720434,3
02,000039,121991,104841,17150,RG,103.008899,90.360998,193.369897,11.066722,5.171436,5
02,000040,121879,104060,17819,RG,241.123444,97.167803,338.291247,10.291475,2.956033,5
02,000041,121805,103868,17937,RG,256.231840,94.454867,350.686707,10.587067,2.851548,6
02,000042,121689,106320,15369,RG,102.251586,79.947899,182.199485,12.508146,5.488490,6
02,000043,121725,106160,15565,RG,98.423852,80.156336,178.580188,12.475620,5.599725,6
02,000044,121513,106423,15090,RG,127.406050,77.833735,205.239785,12.847899,4.872350,7
02,000045,121181,106081,15100,RG,99.293392,79.894946,179.188338,12.516436,5.580720,5
02,000046,121043,106000,15043,RG,120.801333,81.176335,201.977668,12.318861,4.951042,4
02,000047,120764,105328,15436,RG,213.835473,83.806788,297.642261,11.932208,3.359738,5
02,000048,120254,105477,14777,RG,220.385155,79.043084,299.428239,12.651328,3.339698,3
02,000049,119823,107131,12692,RG,83.998073,68.562540,152.560613,14.585224,6.554772,4
02,000050,119260,106288,12972,RG,88.224717,67.578272,155.802989,14.797656,6.418362,3
02,000051,118944,105570,13374,RG,185.880970,71.884179,257.765149,13.911267,3.879500,2
02,000052,118662,105558,13104,RG,194.880199,70.909379,265.789578,14.102507,3.762375,3
02,000053,118378,105905,12473,RG,155.145023,66.199828,221.344851,15.105779,4.517837,3
02,000054,118087,105665,12422,RG,131.625789,66.982648,198.608437,14.929240,5.035033,6
02,000055,118303,104961,13342,RG,145.287759,69.520388,214.808147,14.384270,4.655317,3
02,000056,118110,103213,14897,RG,131.962511,78.138659,210.101170,12.797763,4.759612,5
02,000057,117646,104370,13276,RG,91.223133,67.079048,158.302181,14.907785,6.317032,3
02,000058,117313,103447,13866,RG,137.363639,70.357439,207.721078,14.213138,4.814148,3
02,000059,117377,104496,12881,RG,96.925461,64.551618,161.477079,15.491478,6.192829,5
02,000060,117264,105299,11965,RG,74.453415,58.639604,133.093019,17.053321,7.513542,7
02,000061,117382,105185,12197,RG,72.284278,61.493183,133.777461,16.261965,7.475101,6
02,000062,117883,105620,12263,RG,63.161725,63.314288,126.476013,15.794223,7.906638,4
02,000063,118156,106594,11562,RG,70.682500,59.600053,130.282553,16.778509,7.675625,5
02,000064,117969,105913,12056,RG,78.302290,63.134323,141.436613,15.839245,7.070305,3
02,000065,118120,106711,11409,RG,76.890078,59.713911,136.603989,16.746517,7.320430,3
02,000066,118041,106353,11688,RG,76.157040,61.457615,137.614655,16.271377,7.266668,4
02,000067,118286,106174,12112,RG,79.578451,67.108128,146.686579,14.901325,6.817256,5
02,000068,118444,106708,11736,RG,83.861945,61.910994,145.772939,16.152220,6.859984,6
02,000069,118622,107017,11605,RG,85.250606,60.346883,145.597489,16.570864,6.868250,7
02,000070,118924,106541,12383,RG,86.569100,67.559712,154.128812,14.801721,6.488080,5
02,000071,119697,106477,13220,RG,87.177436,71.573375,158.750811,13.971676,6.299180,5
02,000072,120143,106359,13784,RG,94.469356,76.458137,170.927493,13.079053,5.850434,6
02,000073,120613,105836,14777,RG,81.071644,82.951122,164.022766,12.055292,6.096715,4
02,000074,120794,105109,15685,RG,94.099588,88.518600,182.618188,11.297061,5.475906,5
02,000075,120834,104944,15890,RG,92.741368,88.281388,181.022756,11.327416,5.524167,4
02,000076,120832,104012,16820,RG,86.907188,93.728486,180.635674,10.669115,5.536005,6
02,000077,121135,103595,17540,RG,79.301046,97.644007,176.945053,10.241284,5.651472,8
02,000078,121430,103240,18190,RG,76.844679,101.840301,178.684980,9.819295,5.596441,6
02,000079,121515,103189,18326,RG,79.781886,103.892115,183.674001,9.625370,5.444429,6
02,000080,121510,103461,18049,RG,86.279684,99.349576,185.629260,10.065468,5.387082,5
02,000081,121532,101567,19965,RG,74.090024,112.110785,186.200809,8.919748,5.370546,9
02,000082,121665,102768,18897,RG,74.247188,106.594328,180.841516,9.381362,5.529704,9
02,000083,121811,101367,20444,RG,69.863180,114.648823,184.512003,8.722288,5.419702,13
02,000084,122188,101070,21118,RG,70.380339,120.600521,190.980860,8.291838,5.236127,11
02,000085,122908,99808,23100,RG,64.334700,134.950741,199.285441,7.410111,5.017928,13
02,000086,123237,99340,23897,RG,85.754558,140.676688,226.431246,7.108498,4.416352,18
02,000087,123219,99911,23308,RG,64.760971,136.387827,201.148798,7.332033,4.971444,12
02,000088,123117,101198,21919,RG,68.001083,129.670579,197.671662,7.711850,5.058894,10
02,000089,123102,101851,21251,RG,66.656381,123.844623,190.501004,8.074634,5.249316,6
02,000090,123366,103490,19876,RG,63.523459,115.383433,178.906892,8.666755,5.589500,4
02,000091,123532,104019,19513,RG,66.501116,116.001618,182.502734,8.620569,5.479370,4
02,000092,123841,104515,19326,RG,66.903157,118.936639,185.839796,8.407838,5.380979,4
02,000093,124174,105868,18306,RG,64.048184,106.654016,170.702200,9.376112,5.858155,5
02,000094,124303,105614,18689,RG,65.975140,113.278740,179.253880,8.827782,5.578680,8
02,000095,124587,105985,18602,RG,64.551142,111.664846,176.215988,8.955370,5.674854,7
02,000096,124810,106250,18560,RG,61.537477,113.209570,174.747047,8.833175,5.722557,6
02,000097,124861,106669,18192,RG,63.995246,112.107163,176.102409,8.920037,5.678514,6
02,000098,125176,105984,19192,RG,68.843023,122.660068,191.503091,8.152612,5.221848,9
02,000099,125386,106245,19141,RG,70.337521,117.621938,187.959459,8.501815,5.320296,7
03,000000,124929,62112,62817,RG,67.960926,377.899891,445.860817,2.646203,2.242852,42
03,000001,125149,66874,58275,RG,60.228606,341.415193,401.643799,2.928985,2.489768,40
03,000002,124872,69146,55726,RG,73.519003,326.888516,400.407519,3.059147,2.497456,42
03,000003,124785,66696,58089,RG,61.047790,353.723934,414.771724,2.827063,2.410965,44
03,000004,124543,64962,59581,RG,55.459791,357.223201,412.682992,2.799370,2.423167,48
03,000005,124264,61673,62591,RG,65.260417,382.106880,447.367297,2.617069,2.235300,47
03,000006,123790,63681,60109,RG,82.251301,365.038059,447.289360,2.739440,2.235689,41
03,000007,123381,64762,58619,RG,56.583596,375.170634,431.754230,2.665454,2.316132,50
03,000008,122617,57990,64627,RG,46.597601,399.485424,446.083025,2.503220,2.241735,54
03,000009,122299,62080,60219,RG,51.909873,364.538233,416.448106,2.743196,2.401260,48
03,000010,121364,56159,65205,RG,66.548228,399.502373,466.050601,2.503114,2.145690,48
03,000011,121597,61515,60082,RG,71.899314,373.976487,445.875801,2.673965,2.242777,49
03,000012,121924,59136,62788,RG,64.304634,384.784270,449.088904,2.598859,2.226731,39
03,000013,122751,57040,65711,RG,82.668646,404.411298,487.079944,2.472730,2.053051,38
03,000014,123649,66327,57322,RG,62.053267,350.694011,412.747278,2.851489,2.422790,36
03,000015,124592,53384,71208,RG,239.371200,446.349990,685.721190,2.240394,1.458319,53
03,000016,124825,64173,60652,RG,59.883472,369.584712,429.468184,2.705740,2.328461,46
03,000017,124731,62913,61818,RG,70.613909,366.336928,436.950837,2.729728,2.288587,38
03,000018,124813,66050,58763,RG,81.737653,336.277399,418.015052,2.973735,2.392258,37
03,000019,125036,64307,60729,RG,75.137176,339.561135,414.698311,2.944978,2.411392,44
03,000020,125158,65728,59430,RG,81.027323,338.128822,419.156145,2.957453,2.385746,38
03,000021,125119,54649,70470,RG,219.596158,427.513319,647.109477,2.339108,1.545334,57
03,000022,125132,67891,57241,RG,84.576751,338.025801,422.602552,2.958354,2.366290,34
03,000023,124839,63520,61319,RG,69.030952,373.673601,442.704553,2.676132,2.258843,49
03,000024,124704,64304,60400,RG,82.155504,373.998698,456.154202,2.673806,2.192241,35
03,000025,123949,65153,58796,RG,86.072996,348.238273,434.311269,2.871597,2.302496,41
03,000026,124060,66814,57246,RG,67.215983,336.518899,403.734882,2.971601,2.476873,41
03,000027,123809,64281,59528,RG,86.888435,361.854535,448.742970,2.763541,2.228447,48
03,000028,123183,63238,59945,RG,100.090150,366.687377,466.777527,2.727119,2.142348,40
03,000029,121977,64247,57730,RG,90.690062,341.505204,432.195266,2.928213,2.313769,38
03,000030,120985,60814,60171,RG,92.142735,360.867259,453.009994,2.771102,2.207457,41
03,000031,120461,66236,54225,RG,96.544429,326.596756,423.141185,3.061880,2.363277,41
03,000032,119777,62614,57163,RG,95.334330,341.477476,436.811806,2.928451,2.289315,39
03,000033,119658,62088,57570,RG,80.313309,344.146728,424.460037,2.905737,2.355934,45
03,000034,119508,59584,59924,RG,105.035267,375.786804,480.822071,2.661083,2.079771,48
03,000035,119955,62601,57354,RG,114.699414,326.299171,440.998585,3.064672,2.267581,46
03,000036,119287,61489,57798,RG,108.033744,324.042425,432.076169,3.086016,2.314407,43
03,000037,118628,64491,54137,RG,99.489384,306.532719,406.022103,3.262294,2.462920,37
03,000038,119059,64945,54114,RG,107.884790,302.549054,410.433844,3.305249,2.436446,39
03,000039,120161,66793,53368,RG,108.208196,301.583183,409.791379,3.315835,2.440266,29
03,000040,120885,66754,54131,RG,130.244749,322.580279,452.825028,3.100004,2.208359,35
03,000041,121287,70863,50424,RG,115.922051,292.853338,408.775389,3.414679,2.446331,34
03,000042,121562,68933,52629,RG,118.962442,309.269893,428.232335,3.233422,2.335181,30
03,000043,121799,68870,52929,RG,118.914797,307.398289,426.313086,3.253109,2.345694,31
03,000044,122328,71015,51313,RG,123.157707,296.214285,419.371992,3.375934,2.384518,31
03,000045,122250,73576,48674,RG,128.475070,273.851416,402.326486,3.651615,2.485544,38
03,000046,122157,71417,50740,RG,85.928463,288.446616,374.375079,3.466846,2.671118,35
03,000047,121856,70400,51456,RG,98.836008,300.429404,399.265412,3.328569,2.504600,35
03,000048,122085,71460,50625,RG,100.239369,289.225999,389.465368,3.457504,2.567622,35
03,000049,122341,71942,50399,RG,104.877232,286.526422,391.403654,3.490080,2.554907,32
03,000050,122442,73405,49037,RG,116.622140,280.366787,396.988927,3.566756,2.518962,39
03,000051,122477,74645,47832,RG,142.268837,278.705931,420.974768,3.588011,2.375439,37
03,000052,122764,75786,46978,RG,141.288008,265.732428,407.020436,3.763184,2.456879,32
03,000053,123004,77188,45816,RG,125.914661,256.943402,382.858063,3.891908,2.611934,41
03,000054,123342,78760,44582,RG,102.314159,251.672829,353.986988,3.973413,2.824963,41
03,000055,123653,81001,42652,RG,103.194581,228.060841,331.255422,4.384795,3.018819,39
03,000056,123862,81328,42534,RG,98.814731,229.460738,328.275469,4.358044,3.046222,33
03,000057,123916,82681,41235,RG,119.071199,215.796636,334.867835,4.633993,2.986253,40
03,000058,123958,83618,40340,RG,114.719308,213.071331,327.790639,4.693264,3.050728,33
03,000059,124062,83924,40138,RG,136.358703,211.461719,347.820422,4.728988,2.875047,33
03,000060,124187,86210,37977,RG,122.619197,209.236734,331.855931,4.779276,3.013356,38
03,000061,124199,85195,39004,RG,110.508704,218.133785,328.642489,4.584343,3.042820,25
03,000062,124203,85101,39102,RG,109.045601,215.883549,324.929150,4.632127,3.077594,31
03,000063,124169,86500,37669,RG,146.436030,205.390475,351.826505,4.868775,2.842310,32
03,000064,124143,86524,37619,RG,101.816563,208.100943,309.917506,4.805360,3.226665,34
03,000065,124225,86610,37615,RG,90.735966,206.593237,297.329203,4.840430,3.363275,34
03,000066,124142,87649,36493,RG,93.063269,199.745468,292.808737,5.006371,3.415199,27
03,000067,124079,88277,35802,RG,89.731050,193.357100,283.088150,5.171778,3.532469,31
03,000068,123986,87007,36979,RG,101.456104,203.727525,305.183629,4.908517,3.276716,28
03,000069,124041,86615,37426,RG,76.545861,201.459806,278.005667,4.963769,3.597049,30
03,000070,124070,87850,36220,RG,131.513869,198.032709,329.546578,5.049671,3.034472,33
03,000071,124038,88541,35497,RG,109.874064,194.360418,304.234482,5.145081,3.286938,28
03,000072,124237,89269,34968,RG,91.985015,190.513893,282.498908,5.248961,3.539837,32
03,000073,124252,89525,34727,RG,87.436757,191.324826,278.761583,5.226713,3.587295,29
03,000074,124589,89978,34611,RG,112.422962,191.060674,303.483636,5.233939,3.295071,28
03,000075,124833,90276,34557,RG,114.558481,189.924332,304.482813,5.265255,3.284258,30
03,000076,124991,90799,34192,RG,108.187531,183.988196,292.175727,5.435131,3.422598,30
03,000077,125147,91668,33479,RG,90.541741,184.126223,274.667964,5.431057,3.640760,29
03,000078,125340,91896,33444,RG,79.117277,184.265347,263.382624,5.426956,3.796758,25
03,000079,125454,91730,33724,RG,121.038275,184.601649,305.639924,5.417070,3.271824,31
03,000080,125485,92471,33014,RG,87.099275,178.908668,266.007943,5.589444,3.759286,27
03,000081,125608,93379,32229,RG,87.892398,172.671517,260.563915,5.791343,3.837830,26
03,000082,125715,93316,32399,RG,66.547978,174.600858,241.148836,5.727349,4.146817,27
03,000083,125778,92900,32878,RG,74.893961,168.320014,243.213975,5.941064,4.111606,33
03,000084,125772,92646,33126,RG,79.517417,173.077121,252.594538,5.777771,3.958914,28
03,000085,125683,92865,32818,RG,83.038898,171.707270,254.746168,5.823865,3.925476,28
03,000086,125833,93698,32135,RG,65.606218,164.441508,230.047726,6.081190,4.346924,28
03,000087,125868,93218,32650,RG,88.476719,169.056552,257.533271,5.915180,3.882993,24
03,000088,125771,93413,32358,RG,86.843616,178.389303,265.232919,5.605717,3.770271,27
03,000089,125870,93860,32010,RG,102.764743,179.701610,282.466353,5.564780,3.540245,30
03,000090,125949,93916,32033,RG,95.685381,176.356749,272.042130,5.670325,3.675901,28
03,000091,126003,94319,31684,RG,80.129599,173.825850,253.955449,5.752884,3.937699,26
03,000092,126046,93787,32259,RG,82.742075,180.280247,263.022322,5.546919,3.801959,27
03,000093,126057,94561,31496,RG,90.932694,172.189364,263.122058,5.807560,3.800518,25
03,000094,126079,94361,31718,RG,100.706115,172.764895,273.471010,5.788213,3.656695,24
03,000095,126191,93911,32280,RG,92.970348,176.749549,269.719897,5.657723,3.707550,24
03,000096,126301,94163,32138,RG,116.562395,172.661531,289.223926,5.791678,3.457529,25
03,000097,126186,94542,31644,RG,101.625640,173.760970,275.386610,5.755032,3.631259,24
03,000098,126147,93873,32274,RG,98.335459,176.468775,274.804234,5.666725,3.638954,33
03,000099,126126,94827,31299,RG,115.641142,170.894701,286.535843,5.851557,3.489965,28
04,000000,124231,94732,29499,RG,160.352070,157.633354,317.985424,6.343835,3.144798,24
04,000001,124087,94331,29756,RG,161.724364,164.329978,326.054342,6.085317,3.066973,22
04,000002,123861,95375,28486,RG,145.717905,155.240615,300.958520,6.441613,3.322717,22
04,000003,123679,94229,29450,RG,147.991319,160.984337,308.975656,6.211784,3.236501,27
04,000004,123431,93720,29711,RG,205.752460,158.546403,364.298863,6.307302,2.744999,22
04,000005,123298,92863,30435,RG,194.602903,165.576161,360.179064,6.039517,2.776397,23
04,000006,123229,92054,31175,RG,379.838816,171.630650,551.469466,5.826465,1.813337,26
04,000007,122881,92365,30516,RG,242.655891,166.078024,408.733915,6.021266,2.446579,24
04,000008,122870,91496,31374,RG,265.119503,170.884993,436.004496,5.851889,2.293554,19
04,000009,122909,92339,30570,RG,297.550104,160.376792,457.926896,6.235316,2.183755,21
04,000010,122975,92132,30843,RG,216.116923,163.992286,380.109209,6.097848,2.630823,23
04,000011,123132,91861,31271,RG,238.240637,166.144763,404.385400,6.018848,2.472888,21
04,000012,123005,92248,30757,RG,282.091355,167.637408,449.728763,5.965256,2.223562,21
04,000013,122993,92814,30179,RG,226.568630,168.779109,395.347739,5.924904,2.529419,22
04,000014,122925,91908,31017,RG,192.026916,175.481442,367.508358,5.698608,2.721027,20
04,000015,122915,91250,31665,RG,222.414917,175.517516,397.932433,5.697437,2.512989,16
04,000016,122944,90174,32770,RG,181.070298,186.173949,367.244247,5.371321,2.722983,16
04,000017,122903,89402,33501,RG,166.086403,190.041784,356.128187,5.262001,2.807978,15
04,000018,122812,88207,34605,RG,196.032642,196.294106,392.326748,5.094396,2.548896,18
04,000019,122857,86808,36049,RG,104.864295,206.314430,311.178725,4.846971,3.213587,18
04,000020,122796,85745,37051,RG,132.522129,213.716060,346.238189,4.679106,2.888185,18
04,000021,122812,83702,39110,RG,107.085404,230.095833,337.181237,4.346015,2.965764,19
04,000022,122967,82002,40965,RG,133.722345,258.161482,391.883827,3.873545,2.551777,18
04,000023,122994,80196,42798,RG,110.245111,265.345888,375.590999,3.768666,2.662471,20
04,000024,123190,79125,44065,RG,110.001065,273.849097,383.850162,3.651646,2.605183,16
04,000025,123111,79741,43370,RG,98.820437,266.305613,365.126050,3.755084,2.738780,18
04,000026,123190,76856,46334,RG,96.993842,293.938896,390.932738,3.402068,2.557985,18
04,000027,123439,76839,46600,RG,110.819320,294.209662,405.028982,3.398937,2.468959,16
04,000028,123276,78494,44782,RG,226.846362,286.266056,513.112418,3.493254,1.948891,16
04,000029,123419,76999,46420,RG,112.428402,299.657362,412.085764,3.337145,2.426679,15
04,000030,123647,77937,45710,RG,125.392793,298.225837,423.618630,3.353164,2.360614,15
04,000031,123868,78129,45739,RG,104.856413,282.634563,387.490976,3.538138,2.580705,17
04,000032,123846,78443,45403,RG,100.178651,283.700043,383.878694,3.524850,2.604990,12
04,000033,124176,78422,45754,RG,106.785343,301.759910,408.545253,3.313893,2.447709,10
04,000034,124153,79250,44903,RG,118.663552,297.724178,416.387730,3.358814,2.401608,13
04,000035,124242,79279,44963,RG,69.920282,289.836132,359.756414,3.450225,2.779659,12
04,000036,124382,79175,45207,RG,100.182131,294.635763,394.817894,3.394021,2.532813,14
04,000037,124556,79025,45531,RG,73.740200,301.915417,375.655617,3.312186,2.662013,13
04,000038,124774,78926,45848,RG,75.438447,297.068579,372.507026,3.366226,2.684513,10
04,000039,124942,78337,46605,RG,85.810037,299.385638,385.195675,3.340174,2.596083,12
04,000040,124853,78975,45878,RG,70.443965,300.451693,370.895658,3.328322,2.696176,11
04,000041,125137,78441,46696,RG,90.748514,302.787261,393.535775,3.302649,2.541065,11
04,000042,125226,76138,49088,RG,73.075855,318.768491,391.844346,3.137073,2.552034,12
04,000043,125281,76610,48671,RG,113.799250,314.972575,428.771825,3.174880,2.332243,10
04,000044,125306,76959,48347,RG,95.611978,313.310778,408.922756,3.191719,2.445450,9
04,000045,125328,77432,47896,RG,72.795102,309.960686,382.755788,3.226216,2.612632,8
04,000046,125326,77090,48236,RG,80.272290,308.483623,388.755913,3.241663,2.572308,8
04,000047,125369,76303,49066,RG,91.805666,318.059425,409.865091,3.144067,2.439827,7
04,000048,125490,76457,49033,RG,120.088753,313.480030,433.568783,3.189996,2.306439,9
04,000049,125541,76228,49313,RG,124.726674,322.838784,447.565458,3.097521,2.234310,5
04,000050,125512,76215,49297,RG,99.832690,316.770059,416.602749,3.156864,2.400368,8
04,000051,125489,75491,49998,RG,44.213788,315.729465,359.943253,3.167269,2.778216,12
04,000052,125789,76332,49457,RG,75.784303,311.337839,387.122142,3.211945,2.583164,14
04,000053,125933,75471,50462,RG,89.247040,315.454554,404.701594,3.170029,2.470956,10
04,000054,125922,74937,50985,RG,81.181141,315.257457,396.438598,3.172011,2.522459,10
04,000055,125864,76197,49667,RG,86.834375,317.030264,403.864639,3.154273,2.476077,10
04,000056,125822,75748,50074,RG,63.479698,299.279657,362.759355,3.341356,2.756648,14
04,000057,125934,75631,50303,RG,90.083656,296.069757,386.153413,3.377582,2.589644,18
04,000058,125858,74804,51054,RG,83.898042,294.040325,377.938367,3.400894,2.645934,13
04,000059,125947,75828,50119,RG,67.373439,291.472066,358.845505,3.430861,2.786715,16
04,000060,126000,76296,49704,RG,63.609352,293.761102,357.370454,3.404127,2.798217,12
04,000061,125983,75372,50611,RG,96.135036,302.884989,399.020025,3.301583,2.506140,14
04,000062,126144,74020,52124,RG,68.047951,315.520243,383.568194,3.169369,2.607098,17
04,000063,126165,75016,51149,RG,99.923965,300.793914,400.717879,3.324535,2.495521,13
04,000064,126102,74925,51177,RG,94.568093,301.095042,395.663135,3.321210,2.527403,17
04,000065,126188,76449,49739,RG,108.329718,289.552297,397.882015,3.453608,2.513308,17
04,000066,126200,75743,50457,RG,171.215697,292.392601,463.608298,3.420059,2.156993,16
04,000067,126215,76187,50028,RG,136.657045,293.178345,429.835390,3.410893,2.326472,17
04,000068,126207,79310,46897,RG,123.185213,271.462874,394.648087,3.683745,2.533903,13
04,000069,126194,77223,48971,RG,114.693003,286.105279,400.798282,3.495217,2.495021,17
04,000070,126236,75982,50254,RG,149.539605,291.649871,441.189476,3.428769,2.266600,15
04,000071,126238,77346,48892,RG,129.860304,289.681428,419.541732,3.452068,2.383553,16
04,000072,126285,78764,47521,RG,103.997600,270.122690,374.120290,3.702021,2.672937,15
04,000073,126320,77183,49137,RG,105.649503,287.449516,393.099019,3.478872,2.543888,19
04,000074,126258,77746,48512,RG,83.045195,280.904846,363.950041,3.559924,2.747630,20
04,000075,126262,80138,46124,RG,68.124733,263.910736,332.035469,3.789160,3.011726,15
04,000076,126125,80927,45198,RG,73.967485,260.853449,334.820934,3.833570,2.986671,19
04,000077,126102,81402,44700,RG,84.361771,254.503231,338.865002,3.929223,2.951028,14
04,000078,126128,81243,44885,RG,58.198386,254.983170,313.181556,3.921827,3.193036,19
04,000079,126292,81589,44703,RG,67.817630,256.313088,324.130718,3.901478,3.085175,18
04,000080,126255,80698,45557,RG,81.452603,261.132360,342.584963,3.829476,2.918984,20
04,000081,126280,81627,44653,RG,94.212242,257.434261,351.646503,3.884487,2.843765,18
04,000082,126269,81316,44953,RG,82.178108,264.566864,346.744972,3.779763,2.883964,15
04,000083,126250,80312,45938,RG,68.351837,269.706472,338.058309,3.707735,2.958070,14
04,000084,126399,81318,45081,RG,96.671479,268.116782,364.788261,3.729718,2.741316,13
04,000085,126341,81457,44884,RG,90.812880,265.707978,356.520858,3.763530,2.804885,16
04,000086,126359,79607,46752,RG,75.734108,278.449687,354.183795,3.591313,2.823393,16
04,000087,126393,79327,47066,RG,116.465354,283.623116,400.088470,3.525806,2.499447,14
04,000088,126562,77946,48616,RG,91.419326,298.415792,389.835118,3.351029,2.565187,20
04,000089,126581,78690,47891,RG,68.539172,291.498098,360.037270,3.430554,2.777490,12
04,000090,126656,79450,47206,RG,65.996021,287.601120,353.597141,3.477038,2.828077,14
04,000091,126628,75882,50746,RG,99.920689,310.120315,410.041004,3.224555,2.438780,20
04,000092,126840,79820,47020,RG,162.109980,285.557136,447.667116,3.501926,2.233803,12
04,000093,126793,78335,48458,RG,156.702413,297.751065,454.453478,3.358510,2.200445,15
04,000094,126886,76130,50756,RG,81.986563,319.349298,401.335861,3.131367,2.491679,18
04,000095,126818,78674,48144,RG,108.852523,301.309363,410.161886,3.318848,2.438062,14
04,000096,126818,79874,46944,RG,99.260361,293.927693,393.188054,3.402197,2.543312,11
04,000097,126890,79840,47050,RG,69.299551,288.557751,357.857302,3.465511,2.794410,13
04,000098,126975,80290,46685,RG,69.311218,278.387660,347.698878,3.592113,2.876052,17
04,000099,126986,77002,49984,RG,55.972540,287.724283,343.696823,3.475550,2.909541,22
05,000000,126956,84403,42553,RG,67.558077,218.472089,286.030166,4.577244,3.496135,54
05,000001,127058,83886,43172,RG,83.907741,236.636453,320.544194,4.225892,3.119695,51
05,000002,127195,83692,43503,RG,92.275224,234.099092,326.374316,4.271695,3.063967,51
05,000003,127198,81933,45265,RG,115.827612,243.940500,359.768112,4.099360,2.779568,46
05,000004,127142,82837,44305,RG,106.472197,250.741953,357.214150,3.988164,2.799441,52
05,000005,126999,83448,43551,RG,84.047064,246.358970,330.406034,4.059117,3.026579,48
05,000006,126987,82569,44418,RG,79.219386,250.369009,329.588395,3.994105,3.034087,51
05,000007,127070,83335,43735,RG,91.252578,249.039494,340.292072,4.015427,2.938652,41
05,000008,126989,83329,43660,RG,103.428529,246.850266,350.278795,4.051039,2.854869,51
05,000009,126880,86462,40418,RG,130.191701,228.576384,358.768085,4.374905,2.787316,40
05,000010,126924,86923,40001,RG,124.823082,230.687565,355.510647,4.334867,2.812855,40
05,000011,126802,84465,42337,RG,103.019059,241.845755,344.864814,4.134867,2.899687,34
05,000012,126678,85827,40851,RG,101.355919,232.440826,333.796745,4.302170,2.995835,35
05,000013,126557,86463,40094,RG,109.703619,231.941447,341.645066,4.311433,2.927014,36
05,000014,126461,86807,39654,RG,106.044011,230.938601,336.982612,4.330155,2.967512,33
05,000015,126353,86794,39559,RG,111.548341,226.600212,338.148553,4.413059,2.957280,35
05,000016,126129,87749,38380,RG,120.256268,218.101740,338.358008,4.585016,2.955449,32
05,000017,126298,87356,38942,RG,107.555156,227.129773,334.684929,4.402769,2.987885,34
05,000018,126217,85713,40504,RG,111.549494,239.248172,350.797666,4.179760,2.850646,36
05,000019,126224,87835,38389,RG,103.786963,206.231497,310.018460,4.848920,3.225614,34
05,000020,126315,87372,38943,RG,104.435616,208.191829,312.627445,4.803262,3.198695,28
05,000021,126212,87584,38628,RG,126.596801,215.056518,341.653319,4.649940,2.926944,34
05,000022,126402,86992,39410,RG,108.153521,215.387405,323.540926,4.642797,3.090799,34
05,000023,126494,85002,41492,RG,113.688047,227.692086,341.380133,4.391896,2.929286,32
05,000024,126564,81902,44662,RG,118.062222,242.089068,360.151290,4.130711,2.776611,33
05,000025,126663,82536,44127,RG,68.581327,245.225428,313.806755,4.077881,3.186675,31
05,000026,126779,81391,45388,RG,80.578569,256.618131,337.196700,3.896841,2.965628,30
05,000027,126816,79362,47454,RG,77.364426,286.042354,363.406780,3.495986,2.751737,34
05,000028,126907,79337,47570,RG,71.495194,289.801906,361.297100,3.450633,2.767805,29
05,000029,127025,80394,46631,RG,55.032763,282.922618,337.955381,3.534535,2.958970,31
05,000030,127145,78543,48602,RG,79.666395,296.519069,376.185464,3.372464,2.658263,26
05,000031,127160,78234,48926,RG,62.550392,297.962870,360.513262,3.356123,2.773823,27
05,000032,127264,76523,50741,RG,60.095675,308.990481,369.086156,3.236346,2.709394,20
05,000033,127335,74345,52990,RG,67.212937,325.904707,393.117644,3.068382,2.543768,22
05,000034,127351,73755,53596,RG,69.567306,323.463870,393.031176,3.091535,2.544327,29
05,000035,127361,73180,54181,RG,63.244048,328.352934,391.596982,3.045503,2.553646,33
05,000036,127276,73116,54160,RG,70.354526,339.206650,409.561176,2.948055,2.441638,27
05,000037,127214,72904,54310,RG,71.646117,333.359526,405.005643,2.999764,2.469101,25
05,000038,127061,73368,53693,RG,75.358282,326.506259,401.864541,3.062728,2.488401,29
05,000039,126842,72467,54375,RG,58.297590,331.115470,389.413060,3.020094,2.567967,24
05,000040,126362,73774,52588,RG,59.139620,327.167197,386.306817,3.056541,2.588616,30
05,000041,125998,72922,53076,RG,61.225378,317.376046,378.601424,3.150836,2.641300,28
05,000042,125348,74729,50619,RG,56.502068,297.895827,354.397895,3.356878,2.821687,28
05,000043,124559,77283,47276,RG,50.214894,279.627213,329.842107,3.576190,3.031754,33
05,000044,124069,72784,51285,RG,77.880413,288.631799,366.512212,3.464622,2.728422,47
05,000045,123174,71763,51411,RG,113.393121,284.372060,397.765181,3.516520,2.514046,45
05,000046,122343,73221,49122,RG,100.393801,261.677986,362.071787,3.821491,2.761883,44
05,000047,121987,72220,49767,RG,113.681915,262.628015,376.309930,3.807667,2.657384,54
05,000048,121559,72248,49311,RG,134.816987,257.981376,392.798363,3.876249,2.545835,49
05,000049,121895,70343,51552,RG,140.007043,271.278750,411.285793,3.686245,2.431399,52
05,000050,122107,70937,51170,RG,258.535414,275.144053,533.679467,3.634460,1.873784,49
05,000051,122225,72658,49567,RG,145.408600,279.007189,424.415789,3.584137,2.356180,47
05,000052,121972,74071,47901,RG,97.061362,272.541223,369.602585,3.669170,2.705609,44
05,000053,121807,68474,53333,RG,277.357941,306.457043,583.814984,3.263100,1.712871,39
05,000054,121697,77994,43703,RG,100.762257,254.786936,355.549193,3.924848,2.812550,35
05,000055,122084,78215,43869,RG,68.146221,251.199350,319.345571,3.980902,3.131404,32
05,000056,122591,81454,41137,RG,74.658366,230.986356,305.644722,4.329260,3.271773,35
05,000057,122953,80043,42910,RG,63.958647,241.149333,305.107980,4.146808,3.277528,34
05,000058,122885,67371,55514,RG,68.199771,322.158934,390.358705,3.104058,2.561746,44
05,000059,122618,68551,54067,RG,66.705745,311.180731,377.886476,3.213567,2.646297,43
05,000060,122402,74761,47641,RG,56.453911,268.663645,325.117556,3.722126,3.075811,41
05,000061,122374,78761,43613,RG,55.844874,247.224316,303.069190,4.044910,3.299577,40
05,000062,123061,78716,44345,RG,50.655152,251.263588,301.918740,3.979884,3.312149,39
05,000063,123402,78920,44482,RG,54.125042,255.352942,309.477984,3.916148,3.231248,40
05,000064,123450,77433,46017,RG,39.363852,265.794611,305.158463,3.762304,3.276986,41
05,000065,123204,76108,47096,RG,69.531993,275.204043,344.736036,3.633668,2.900770,38
05,000066,122626,73236,49390,RG,51.615295,293.977576,345.592871,3.401620,2.893578,35
05,000067,122188,74067,48121,RG,70.785091,266.213070,336.998161,3.756390,2.967375,31
05,000068,121942,67782,54160,RG,57.467931,302.479526,359.947457,3.306009,2.778183,35
05,000069,121617,72176,49441,RG,65.177224,269.670115,334.847339,3.708234,2.986436,33
05,000070,121140,72672,48468,RG,52.435757,268.193231,320.628988,3.728655,3.118870,29
05,000071,120966,72951,48015,RG,62.502050,261.148524,323.650574,3.829239,3.089752,42
05,000072,121029,73805,47224,RG,53.948219,249.766076,303.714295,4.003746,3.292568,32
05,000073,120751,74203,46548,RG,56.849257,250.841525,307.690782,3.986581,3.250016,37
05,000074,120547,72997,47550,RG,55.810700,248.324979,304.135679,4.026981,3.288006,38
05,000075,120083,73636,46447,RG,55.755900,256.565844,312.321744,3.897635,3.201826,38
05,000076,120458,73586,46872,RG,84.006198,267.732791,351.738989,3.735067,2.843017,38
05,000077,120642,71619,49023,RG,102.541362,277.717617,380.258979,3.600780,2.629787,36
05,000078,120732,74794,45938,RG,84.336885,258.160027,342.496912,3.873566,2.919734,28
05,000079,120846,73883,46963,RG,73.533793,262.616243,336.150036,3.807838,2.974862,33
05,000080,121004,74883,46121,RG,63.523310,260.784032,324.307342,3.834591,3.083495,34
05,000081,121107,75566,45541,RG,74.913408,251.557183,326.470591,3.975239,3.063063,35
05,000082,121459,75373,46086,RG,77.368355,260.047163,337.415518,3.845456,2.963705,33
05,000083,122040,76007,46033,RG,85.759685,259.311755,345.071440,3.856362,2.897951,33
05,000084,122305,75780,46525,RG,89.715494,262.873052,352.588546,3.804118,2.836167,37
05,000085,122832,75635,47197,RG,84.547648,265.753988,350.301636,3.762879,2.854683,43
05,000086,123155,75553,47602,RG,65.709783,268.552698,334.262481,3.723664,2.991661,33
05,000087,123400,76029,47371,RG,65.864440,278.937827,344.802267,3.585028,2.900213,42
05,000088,123470,76895,46575,RG,58.847916,266.069877,324.917793,3.758411,3.077702,33
05,000089,123889,77748,46141,RG,43.499713,240.625920,284.125633,4.155828,3.519570,40
05,000090,124046,77118,46928,RG,50.687977,240.722839,291.410816,4.154155,3.431582,40
05,000091,124173,74927,49246,RG,202.100103,257.437568,459.537671,3.884437,2.176100,41
05,000092,124532,75053,49479,RG,150.656104,260.658684,411.314788,3.836435,2.431228,43
05,000093,124895,75866,49029,RG,157.075628,258.935771,416.011399,3.861962,2.403780,41
05,000094,125143,80381,44762,RG,41.277822,231.914539,273.192361,4.311933,3.660424,42
05,000095,125525,73862,51663,RG,127.959882,269.555843,397.515725,3.709806,2.515624,42
05,000096,125764,76391,49373,RG,109.039886,258.531860,367.571746,3.867995,2.720557,47
05,000097,126023,78498,47525,RG,53.183030,246.213012,299.396042,4.061524,3.340058,37
05,000098,126151,72397,53754,RG,115.533630,308.798673,424.332303,3.238356,2.356644,48
05,000099,126273,82042,44231,RG,60.206997,251.118603,311.325600,3.982182,3.212071,35
06,000000,123020,91145,31875,RG,197.417414,173.136107,370.553521,5.775803,2.698665,40
06,000001,123445,90708,32737,RG,154.025705,176.113413,330.139118,5.678159,3.029026,42
06,000002,123251,91052,32199,RG,166.501857,177.727435,344.229292,5.626593,2.905040,35
06,000003,123083,90712,32371,RG,175.846815,174.097054,349.943869,5.743923,2.857601,39
06,000004,122814,89231,33583,RG,146.075863,182.901405,328.977268,5.467427,3.039724,43
06,000005,122405,89986,32419,RG,153.944821,175.498751,329.443572,5.698046,3.035421,42
06,000006,122265,88537,33728,RG,152.731149,185.484431,338.215580,5.391288,2.956694,37
06,000007,121615,87238,34377,RG,147.699434,189.327933,337.027367,5.281841,2.967118,40
06,000008,121132,84839,36293,RG,137.259667,199.249345,336.509012,5.018837,2.971689,37
06,000009,120303,82923,37380,RG,129.595499,208.783981,338.379480,4.789639,2.955262,42
06,000010,118870,80053,38817,RG,117.162473,216.286420,333.448893,4.623499,2.998960,43
06,000011,118105,75100,43005,RG,118.112914,225.697912,343.810826,4.430701,2.908576,50
06,000012,118379,71812,46567,RG,111.339702,241.472753,352.812455,4.141254,2.834367,51
06,000013,118500,71979,46521,RG,104.929712,243.977520,348.907232,4.098738,2.866091,50
06,000014,118286,73194,45092,RG,115.515165,235.833471,351.348636,4.240280,2.846176,51
06,000015,119285,75803,43482,RG,92.483345,224.532433,317.015778,4.453700,3.154417,44
06,000016,120754,79611,41143,RG,75.966341,210.884595,286.850936,4.741930,3.486131,54
06,000017,121539,79735,41804,RG,72.080577,211.848365,283.928942,4.720357,3.522008,52
06,000018,122178,80269,41909,RG,90.637711,215.641297,306.279008,4.637331,3.264997,49
06,000019,122753,80050,42703,RG,81.585594,224.144977,305.730571,4.461398,3.270854,43
06,000020,123229,83554,39675,RG,57.362582,199.317509,256.680091,5.017121,3.895900,44
06,000021,123508,81466,42042,RG,66.077665,215.092841,281.170506,4.649155,3.556561,46
06,000022,123542,80459,43083,RG,56.606692,217.553533,274.160225,4.596570,3.647502,45
06,000023,123517,81104,42413,RG,59.770734,214.602791,274.373525,4.659772,3.644667,48
06,000024,123280,84511,38769,RG,58.651940,197.187579,255.839519,5.071313,3.908700,42
06,000025,123092,84513,38579,RG,55.715986,193.783697,249.499683,5.160393,4.008021,45
06,000026,122720,85410,37310,RG,54.722659,192.024547,246.747206,5.207668,4.052731,47
06,000027,122326,83931,38395,RG,80.825891,196.772112,277.598003,5.082021,3.602331,44
06,000028,122084,81011,41073,RG,69.630314,220.845357,290.475671,4.528055,3.442629,38
06,000029,121413,80744,40669,RG,48.265640,220.511748,268.777388,4.534906,3.720551,48
06,000030,120330,78624,41706,RG,57.380063,224.533817,281.913880,4.453672,3.547183,54
06,000031,119567,77199,42368,RG,59.790601,226.467884,286.258485,4.415637,3.493346,51
06,000032,119988,75645,44343,RG,50.285199,236.904514,287.189713,4.221110,3.482019,52
06,000033,120611,77014,43597,RG,81.845382,232.449103,314.294485,4.302017,3.181729,49
06,000034,121644,79819,41825,RG,121.228393,226.612602,347.840995,4.412817,2.874877,47
06,000035,122051,81961,40090,RG,71.050360,214.286651,285.337011,4.666646,3.504628,48
06,000036,122356,84122,38234,RG,81.665748,201.181498,282.847246,4.970636,3.535477,37
06,000037,122900,86241,36659,RG,99.713057,195.160892,294.873949,5.123977,3.391280,40
06,000038,123157,87078,36079,RG,118.770340,186.969486,305.739826,5.348466,3.270755,46
06,000039,123204,88047,35157,RG,122.572433,185.242108,307.814541,5.398341,3.248709,43
06,000040,123027,88552,34475,RG,108.723382,185.893071,294.616453,5.379437,3.394244,43
06,000041,122932,89167,33765,RG,120.087657,180.271795,300.359452,5.547179,3.329344,43
06,000042,122945,89746,33199,RG,114.180574,174.646863,288.827437,5.725840,3.462275,34
06,000043,122713,90331,32382,RG,131.655460,167.238445,298.893905,5.979486,3.345669,36
06,000044,122966,90579,32387,RG,142.644250,168.162998,310.807248,5.946611,3.217428,41
06,000045,122712,89517,33195,RG,177.481443,173.682572,351.164015,5.757630,2.847672,35
06,000046,122641,89604,33037,RG,152.760651,172.357908,325.118559,5.801881,3.075801,34
06,000047,122808,88660,34148,RG,146.286136,170.823147,317.109283,5.854008,3.153487,41
06,000048,122905,88099,34806,RG,103.994089,177.554855,281.548944,5.632062,3.551780,38
06,000049,122902,87803,35099,RG,113.066508,173.965704,287.032212,5.748259,3.483930,43
06,000050,122918,88012,34906,RG,116.837826,172.321334,289.159160,5.803112,3.458303,36
06,000051,122959,88055,34904,RG,131.305028,170.823200,302.128228,5.854006,3.309853,43
06,000052,123136,85294,37842,RG,89.238952,190.227261,279.466213,5.256870,3.578250,43
06,000053,123375,85562,37813,RG,101.127451,189.992646,291.120097,5.263362,3.435008,55
06,000054,123543,82636,40907,RG,97.445383,220.701132,318.146515,4.531014,3.143206,61
06,000055,123600,71331,52269,RG,367.857975,296.488576,664.346551,3.372811,1.505238,74
06,000056,123126,67294,55832,RG,452.768629,320.344748,773.113377,3.121637,1.293471,71
06,000057,122956,72985,49971,RG,324.056088,281.042289,605.098377,3.558183,1.652624,62
06,000058,122867,66712,56155,RG,492.707857,334.319336,827.027193,2.991152,1.209150,63
06,000059,122901,73148,49753,RG,371.150843,284.953120,656.103963,3.509349,1.524149,57
06,000060,122828,83937,38891,RG,86.346895,214.916630,301.263525,4.652967,3.319353,60
06,000061,122943,78805,44138,RG,297.992559,250.228606,548.221165,3.996346,1.824081,62
06,000062,122873,74791,48082,RG,353.610527,272.580661,626.191188,3.668639,1.596956,60
06,000063,122625,79827,42798,RG,252.926188,233.918805,486.844993,4.274988,2.054042,49
06,000064,122474,77500,44974,RG,303.134162,251.343030,554.477192,3.978626,1.803501,48
06,000065,122416,77709,44707,RG,270.652880,248.384356,519.037236,4.026018,1.926644,61
06,000066,122588,77419,45169,RG,117.912523,251.627953,369.540476,3.974121,2.706064,57
06,000067,122756,79863,42893,RG,147.342966,250.488597,397.831563,3.992198,2.513627,59
06,000068,122740,77800,44940,RG,125.992396,258.768366,384.760762,3.864460,2.599018,53
06,000069,123001,75209,47792,RG,98.604913,276.793301,375.398214,3.612804,2.663838,53
06,000070,123528,68902,54626,RG,73.926197,320.095200,394.021397,3.124071,2.537933,59
06,000071,123578,65026,58552,RG,108.611609,348.909817,457.521426,2.866070,2.185690,57
06,000072,123259,64034,59225,RG,120.558347,364.513517,485.071864,2.743382,2.061550,63
06,000073,122615,66181,56434,RG,160.511488,335.772692,496.284180,2.978205,2.014975,53
06,000074,121410,68328,53082,RG,102.129364,307.497015,409.626379,3.252064,2.441249,49
06,000075,122193,73063,49130,RG,89.248262,285.045794,374.294056,3.508208,2.671696,49
06,000076,121111,77504,43607,RG,129.613051,239.634547,369.247598,4.173021,2.708210,46
06,000077,121641,81941,39700,RG,108.661552,208.090965,316.752517,4.805591,3.157039,41
06,000078,121858,83943,37915,RG,94.781564,196.320874,291.102438,5.093702,3.435217,43
06,000079,122433,86831,35602,RG,107.419770,185.066985,292.486755,5.403449,3.418958,44
06,000080,122691,88874,33817,RG,91.582416,172.672669,264.255085,5.791304,3.784222,38
06,000081,122880,89154,33726,RG,204.318758,172.689922,377.008680,5.790726,2.652459,46
06,000082,123000,91335,31665,RG,94.695743,158.873526,253.569269,6.294315,3.943696,45
06,000083,123208,91612,31596,RG,158.258327,160.979544,319.237871,6.211969,3.132460,45
06,000084,123123,93351,29772,RG,93.960788,152.000597,245.961385,6.578922,4.065679,46
06,000085,123101,93034,30067,RG,186.673531,152.544658,339.218189,6.555457,2.947955,40
06,000086,123052,93285,29767,RG,142.614649,151.060411,293.675060,6.619868,3.405124,45
06,000087,123331,93090,30241,RG,163.477931,155.458717,318.936648,6.432576,3.135419,39
06,000088,123240,93605,29635,RG,153.565816,154.275795,307.841611,6.481898,3.248424,40
06,000089,123271,94269,29002,RG,150.407207,146.278556,296.685763,6.836272,3.370570,32
06,000090,123264,93970,29294,RG,171.169097,151.347162,322.516259,6.607326,3.100619,35
06,000091,123333,95513,27820,RG,146.785036,143.466336,290.251372,6.970276,3.445289,31
06,000092,123448,94446,29002,RG,156.345685,150.147180,306.492865,6.660132,3.262719,38
06,000093,123339,97322,26017,RG,139.998703,129.749917,269.748620,7.707134,3.707155,33
06,000094,123436,95130,28306,RG,110.974428,147.561703,258.536131,6.776826,3.867931,35
06,000095,123565,94517,29048,RG,158.263774,153.039474,311.303248,6.534262,3.212302,33
06,000096,123678,94790,28888,RG,127.342770,150.539443,277.882213,6.642777,3.598647,36
06,000097,123695,94650,29045,RG,147.054307,152.933405,299.987712,6.538794,3.333470,25
06,000098,123564,94739,28825,RG,114.107913,153.185194,267.293107,6.528046,3.741211,31
06,000099,123640,93539,30101,RG,120.905811,161.191260,282.097071,6.203810,3.544879,30
07,000000,122626,66999,55627,RG,107.059575,299.854923,406.914498,3.334946,2.457519,51
07,000001,122619,67402,55217,RG,82.108848,297.023894,379.132742,3.366733,2.637599,50
07,000002,122662,68421,54241,RG,77.189029,290.665467,367.854496,3.440381,2.718466,48
07,000003,122581,68317,54264,RG,101.134580,296.578348,397.712928,3.371790,2.514376,50
07,000004,122504,70882,51622,RG,93.507185,279.509252,373.016437,3.577699,2.680847,46
07,000005,122526,69014,53512,RG,93.685009,289.215220,382.900229,3.457633,2.611646,48
07,000006,122370,72727,49643,RG,91.599308,264.254257,355.853565,3.784234,2.810145,50
07,000007,122300,73149,49151,RG,79.743066,258.657401,338.400467,3.866118,2.955079,46
07,000008,122297,72174,50123,RG,85.205852,268.809996,354.015848,3.720100,2.824732,44
07,000009,122335,70131,52204,RG,92.340358,283.213484,375.553842,3.530905,2.662734,46
07,000010,122474,70848,51626,RG,128.594719,274.427419,403.022138,3.643951,2.481253,49
07,000011,122548,70922,51626,RG,114.946845,279.102469,394.049314,3.582913,2.537753,46
07,000012,122872,73505,49367,RG,116.903077,266.044604,382.947681,3.758768,2.611323,44
07,000013,122797,71960,50837,RG,105.168604,271.891778,377.060382,3.677934,2.652095,50
07,000014,122901,71660,51241,RG,118.239293,272.251204,390.490497,3.673078,2.560882,50
07,000015,123070,71777,51293,RG,69.929326,275.386394,345.315720,3.631261,2.895901,53
07,000016,123091,73750,49341,RG,79.754450,260.230629,339.985079,3.842745,2.941306,44
07,000017,123069,72715,50354,RG,84.259637,265.976506,350.236143,3.759731,2.855216,48
07,000018,123019,71260,51759,RG,74.525138,282.284259,356.809397,3.542528,2.802617,53
07,000019,123078,73151,49927,RG,83.052259,268.536607,351.588866,3.723887,2.844231,47
07,000020,122905,73428,49477,RG,85.033665,264.040916,349.074581,3.787292,2.864717,48
07,000021,122981,73707,49274,RG,87.158079,268.760927,355.919006,3.720779,2.809628,49
07,000022,122953,74190,48763,RG,95.783820,269.402977,365.186797,3.711911,2.738325,46
07,000023,122760,72794,49966,RG,68.060346,273.604300,341.664646,3.654913,2.926847,46
07,000024,122663,73206,49457,RG,69.862481,274.283820,344.146301,3.645859,2.905741,43
07,000025,122560,73464,49096,RG,76.136618,271.489753,347.626371,3.683380,2.876652,48
07,000026,122504,73285,49219,RG,57.458101,273.329856,330.787957,3.658583,3.023085,50
07,000027,122343,74950,47393,RG,43.433525,264.763230,308.196755,3.776960,3.244680,40
07,000028,122316,73566,48750,RG,49.585253,271.611929,321.197182,3.681723,3.113352,45
07,000029,122252,76592,45660,RG,50.661875,253.947048,304.608923,3.937829,3.282898,44
07,000030,122230,72486,49744,RG,82.516862,278.744422,361.261284,3.587516,2.768080,44
07,000031,122253,69970,52283,RG,68.186586,289.138456,357.325042,3.458551,2.798572,47
07,000032,122134,72488,49646,RG,85.936609,272.534702,358.471311,3.669258,2.789624,44
07,000033,122244,69964,52280,RG,98.523201,289.597017,388.120218,3.453074,2.576521,46
07,000034,122167,66978,55189,RG,81.098036,308.853128,389.951164,3.237785,2.564424,52
07,000035,122067,66113,55954,RG,99.975452,311.582798,411.558250,3.209420,2.429790,50
07,000036,121904,67518,54386,RG,137.674601,314.507486,452.182087,3.179575,2.211498,51
07,000037,121900,66415,55485,RG,135.411859,311.642422,447.054281,3.208806,2.236865,52
07,000038,122131,64313,57818,RG,119.995608,321.490638,441.486246,3.110510,2.265076,50
07,000039,122217,63796,58421,RG,120.282664,329.093079,449.375743,3.038654,2.225309,53
07,000040,122149,70288,51861,RG,148.904998,287.511312,436.416310,3.478124,2.291390,54
07,000041,122266,58705,63561,RG,133.073078,371.575931,504.649009,2.691240,1.981575,56
07,000042,122989,66899,56090,RG,99.757049,320.897913,420.654962,3.116256,2.377245,44
07,000043,123114,55883,67231,RG,82.061743,389.518133,471.579876,2.567275,2.120532,57
07,000044,123145,51362,71783,RG,78.276385,418.574971,496.851356,2.389058,2.012674,51
07,000045,123157,49872,73285,RG,51.195689,426.678928,477.874617,2.343683,2.092599,65
07,000046,122655,41135,81520,RG,31.063806,483.394013,514.457819,2.068706,1.943794,64
07,000047,121877,44168,77709,RG,72.618014,462.019629,534.637643,2.164410,1.870426,70
07,000048,120689,33468,87221,RG,72.896586,525.800928,598.697514,1.901860,1.670293,63
07,000049,119088,33639,85449,RG,73.143111,504.625132,577.768243,1.981669,1.730798,55
07,000050,117762,41724,76038,RG,48.493264,450.543171,499.036435,2.219543,2.003862,58
07,000051,116862,45295,71567,RG,43.500064,416.817583,460.317647,2.399131,2.172413,55
07,000052,115887,33209,82678,RG,41.398142,485.416410,526.814552,2.060087,1.898201,61
07,000053,114555,32682,81873,RG,33.009204,504.748395,537.757599,1.981185,1.859574,66
07,000054,113355,27591,85764,RG,38.639578,504.223492,542.863070,1.983248,1.842085,66
07,000055,113459,27434,86025,RG,40.576518,494.349727,534.926245,2.022859,1.869417,67
07,000056,113728,26206,87522,RG,35.053380,511.645184,546.698564,1.954479,1.829162,72
07,000057,113087,38179,74908,RG,37.033808,424.442450,461.476258,2.356032,2.166959,69
07,000058,113524,31727,81797,RG,31.009083,460.836882,491.845965,2.169965,2.033157,78
07,000059,113789,37621,76168,RG,44.183299,424.827200,469.010499,2.353898,2.132148,72
07,000060,114633,30755,83878,RG,62.285840,484.014834,546.300674,2.066052,1.830494,75
07,000061,115345,43419,71926,RG,25.320968,402.297988,427.618956,2.485720,2.338531,73
07,000062,116733,21019,95714,RG,41.231670,534.068908,575.300578,1.872418,1.738222,86
07,000063,115997,41687,74310,RG,43.584350,421.325132,464.909482,2.373464,2.150956,74
07,000064,114478,33865,80613,RG,48.301022,461.533755,509.834777,2.166689,1.961420,89
07,000065,114009,36501,77508,RG,85.062222,440.699522,525.761744,2.269120,1.902002,68
07,000066,114637,39164,75473,RG,75.679652,422.399297,498.078949,2.367428,2.007714,68
07,000067,116544,43208,73336,RG,74.378544,411.039406,485.417950,2.432857,2.060080,68
07,000068,116559,40964,75595,RG,76.497720,425.390439,501.888159,2.350782,1.992476,66
07,000069,116333,51263,65070,RG,87.587359,366.833817,454.421176,2.726030,2.200602,56
07,000070,115499,54216,61283,RG,94.687174,336.585844,431.273018,2.971010,2.318717,59
07,000071,115589,25927,89662,RG,312.735546,526.001518,838.737064,1.901135,1.192269,83
07,000072,115520,31297,84223,RG,386.544304,493.143703,879.688007,2.027806,1.136767,77
07,000073,116878,32425,84453,RG,339.976178,498.246048,838.222226,2.007041,1.193001,78
07,000074,117920,31466,86454,RG,425.835818,503.501010,929.336828,1.986093,1.076036,72
07,000075,118254,30197,88057,RG,306.634316,506.443645,813.077961,1.974553,1.229894,79
07,000076,118020,30982,87038,RG,316.463706,508.575260,825.038966,1.966277,1.212064,69
07,000077,117190,26075,91115,RG,285.492462,524.405438,809.897900,1.906921,1.234724,76
07,000078,116223,31557,84666,RG,263.156313,493.309771,756.466084,2.027124,1.321936,54
07,000079,116887,31372,85515,RG,270.974439,512.718091,783.692530,1.950390,1.276011,65
07,000080,117346,31133,86213,RG,265.049136,497.219677,762.268813,2.011183,1.311873,60
07,000081,117502,37217,80285,RG,196.885523,464.628484,661.514007,2.152257,1.511684,60
07,000082,116400,29436,86964,RG,117.275672,503.572204,620.847876,1.985813,1.610701,74
07,000083,114643,11383,103260,RG,109.803268,578.862062,688.665330,1.727527,1.452084,70
07,000084,113320,11849,101471,RG,92.213476,569.501051,661.714527,1.755923,1.511226,66
07,000085,113306,9165,104141,RG,66.793441,594.180907,660.974348,1.682989,1.512918,61
07,000086,113780,9451,104329,RG,94.594219,584.076932,678.671151,1.712103,1.473468,55
07,000087,115490,38154,77336,RG,112.095878,441.854592,553.950470,2.263188,1.805216,63
07,000088,116844,6229,110615,RG,83.736040,616.828542,700.564582,1.621196,1.427420,66
07,000089,118730,5798,112932,RG,70.485270,624.063343,694.548613,1.602401,1.439784,78
07,000090,120358,36961,83397,RG,88.070683,482.959542,571.030225,2.070567,1.751221,77
07,000091,121548,5095,116453,RG,76.059578,641.934247,717.993825,1.557792,1.392770,86
07,000092,122619,41170,81449,RG,105.011446,458.862020,563.873466,2.179304,1.773448,74
07,000093,123320,40177,83143,RG,159.026171,469.075053,628.101224,2.131855,1.592100,76
07,000094,124073,62040,62033,RG,37.755441,344.536676,382.292117,2.902449,2.615801,60
07,000095,124449,62647,61802,RG,68.875261,340.940929,409.816190,2.933059,2.440118,61
07,000096,124680,63163,61517,RG,77.340757,347.122355,424.463112,2.880829,2.355917,58
07,000097,124825,58025,66800,RG,55.798243,383.251669,439.049912,2.609252,2.277645,58
07,000098,124825,57520,67305,RG,113.399837,383.693465,497.093302,2.606247,2.011695,58
07,000099,124670,58814,65856,RG,79.209882,374.257019,453.466901,2.671961,2.205233,56
08,000000,123389,86316,37073,RG,388.198935,211.767070,599.966005,4.722170,1.666761,14
08,000001,123433,87351,36082,RG,424.873747,205.147492,630.021239,4.874542,1.587248,12
08,000002,123159,89129,34030,RG,318.868477,190.806808,509.675285,5.240903,1.962034,15
08,000003,123069,88835,34234,RG,322.069500,194.262115,516.331615,5.147684,1.936740,14
08,000004,122856,90320,32536,RG,298.139257,184.737986,482.877243,5.413072,2.070920,12
08,000005,122792,90358,32434,RG,354.885647,178.240214,533.125861,5.610406,1.875730,15
08,000006,122942,89580,33362,RG,318.059362,182.202733,500.262095,5.488392,1.998952,18
08,000007,123175,89746,33429,RG,406.857368,182.970579,589.827947,5.465360,1.695410,15
08,000008,123368,89358,34010,RG,376.291998,189.425390,565.717388,5.279123,1.767667,15
08,000009,123445,90068,33377,RG,284.857163,181.027957,465.885120,5.524009,2.146452,16
08,000010,123569,87343,36226,RG,505.135906,201.780614,706.916520,4.955877,1.414594,17
08,000011,123816,86480,37336,RG,536.998110,210.346605,747.344715,4.754058,1.338071,23
08,000012,123853,87704,36149,RG,560.447220,198.826890,759.274110,5.029501,1.317047,19
08,000013,123988,86784,37204,RG,364.018437,201.882938,565.901375,4.953366,1.767092,27
08,000014,124039,89392,34647,RG,311.217639,188.786935,500.004574,5.296977,1.999982,21
08,000015,124057,90151,33906,RG,319.179645,189.921903,509.101548,5.265322,1.964245,15
08,000016,124048,89687,34361,RG,459.249541,186.534556,645.784097,5.360937,1.548505,17
08,000017,123967,89850,34117,RG,348.909336,188.624877,537.534213,5.301528,1.860347,18
08,000018,124074,87872,36202,RG,460.963227,203.810334,664.773561,4.906523,1.504272,20
08,000019,124125,90044,34081,RG,449.128026,187.942605,637.070631,5.320773,1.569685,20
08,000020,124084,88821,35263,RG,575.572049,194.065838,769.637887,5.152890,1.299312,22
08,000021,124032,88887,35145,RG,518.256437,195.305466,713.561903,5.120184,1.401420,20
08,000022,123956,90307,33649,RG,430.727325,186.071421,616.798746,5.374280,1.621274,18
08,000023,123846,90716,33130,RG,276.775224,179.547512,456.322736,5.569556,2.191431,18
08,000024,123839,89254,34585,RG,324.268912,190.306588,514.575500,5.254679,1.943349,20
08,000025,123786,88549,35237,RG,372.992754,192.696374,565.689128,5.189511,1.767755,19
08,000026,123653,90414,33239,RG,357.236680,181.844381,539.081061,5.499208,1.855009,23
08,000027,123611,86948,36663,RG,474.149756,201.880610,676.030366,4.953423,1.479223,27
08,000028,123546,89733,33813,RG,468.195465,189.102445,657.297910,5.288139,1.521380,20
08,000029,123522,87883,35639,RG,365.639661,192.999962,558.639623,5.181348,1.790063,27
08,000030,123401,87520,35881,RG,516.665182,193.875148,710.540330,5.157959,1.407380,24
08,000031,123409,89016,34393,RG,425.384021,184.073700,609.457721,5.432607,1.640803,20
08,000032,123384,88841,34543,RG,339.559740,186.070525,525.630265,5.374306,1.902478,21
08,000033,123196,90563,32633,RG,282.685230,172.813591,455.498821,5.786582,2.195395,20
08,000034,123174,89069,34105,RG,293.062404,178.009291,471.071695,5.617684,2.122819,26
08,000035,123133,89116,34017,RG,312.367420,184.219261,496.586681,5.428314,2.013747,26
08,000036,122974,87621,35353,RG,364.247260,187.951672,552.198932,5.320517,1.810942,31
08,000037,122781,88211,34570,RG,313.459711,187.720160,501.179871,5.327078,1.995292,28
08,000038,122691,86801,35890,RG,292.596275,193.263849,485.860124,5.174273,2.058206,29
08,000039,122467,85119,37348,RG,269.707769,200.105837,469.813606,4.997355,2.128504,41
08,000040,122026,85205,36821,RG,358.364956,198.044931,556.409887,5.049359,1.797236,35
08,000041,121858,86209,35649,RG,298.950514,189.843563,488.794077,5.267495,2.045851,32
08,000042,121578,82322,39256,RG,316.714653,211.641848,528.356501,4.724963,1.892661,37
08,000043,121315,80776,40539,RG,268.060761,221.673183,489.733944,4.511146,2.041925,39
08,000044,120556,78973,41583,RG,281.757443,226.192367,507.949810,4.421016,1.968698,29
08,000045,119913,76871,43042,RG,275.184409,228.328007,503.512416,4.379664,1.986048,41
08,000046,119869,76445,43424,RG,265.909056,232.362173,498.271229,4.303626,2.006939,40
08,000047,119593,77037,42556,RG,283.022061,229.446928,512.468989,4.358306,1.951338,39
08,000048,119813,78029,41784,RG,311.151067,227.525758,538.676825,4.395107,1.856401,41
08,000049,120258,78874,41384,RG,345.044444,219.954211,564.998655,4.546401,1.769916,36
08,000050,120775,83385,37390,RG,210.382504,198.606219,408.988723,5.035089,2.445055,36
08,000051,120925,83195,37730,RG,281.629649,202.181777,483.811426,4.946044,2.066921,39
08,000052,120843,83490,37353,RG,266.333970,200.415099,466.749069,4.989644,2.142479,30
08,000053,121068,86412,34656,RG,309.251260,184.662334,493.913594,5.415290,2.024646,32
08,000054,121261,87356,33905,RG,251.439535,181.409696,432.849231,5.512385,2.310273,27
08,000055,121238,88267,32971,RG,202.214695,173.870792,376.085487,5.751397,2.658970,28
08,000056,121347,89176,32171,RG,194.646491,172.394715,367.041206,5.800642,2.724490,23
08,000057,121644,90271,31373,RG,184.070095,166.535263,350.605358,6.004734,2.852210,21
08,000058,121844,88482,33362,RG,279.567101,180.074859,459.641960,5.553246,2.175606,24
08,000059,122009,90052,31957,RG,126.628308,169.044171,295.672479,5.915614,3.382121,24
08,000060,122253,90321,31932,RG,112.336861,168.648898,280.985759,5.929478,3.558899,26
08,000061,122235,89771,32464,RG,107.762010,171.720823,279.482833,5.823406,3.578037,21
08,000062,122342,91977,30365,RG,213.135088,161.278970,374.414058,6.200436,2.670840,24
08,000063,122235,91903,30332,RG,214.524790,165.609678,380.134468,6.038294,2.630648,22
08,000064,122220,90660,31560,RG,147.853175,167.318327,315.171502,5.976632,3.172876,25
08,000065,122183,92001,30182,RG,224.574884,155.249215,379.824099,6.441256,2.632798,18
08,000066,122128,90767,31361,RG,107.746730,161.481650,269.228380,6.192654,3.714319,26
08,000067,122104,91552,30552,RG,109.945292,160.263494,270.208786,6.239724,3.700842,20
08,000068,122036,91136,30900,RG,126.691249,159.099778,285.791027,6.285364,3.499060,24
08,000069,121945,89736,32209,RG,90.735265,165.742598,256.477863,6.033452,3.898972,25
08,000070,121834,90416,31418,RG,115.124680,162.547143,277.671823,6.152061,3.601374,27
08,000071,121810,90119,31691,RG,103.941888,165.489270,269.431158,6.042688,3.711523,29
08,000072,121777,90836,30941,RG,102.788807,160.023210,262.812017,6.249093,3.805001,25
08,000073,121912,88321,33591,RG,116.776582,177.776052,294.552634,5.625055,3.394979,25
08,000074,122051,86611,35440,RG,110.517421,185.164076,295.681497,5.400616,3.382018,25
08,000075,122093,86310,35783,RG,107.174549,190.841334,298.015883,5.239955,3.355526,25
08,000076,121856,85230,36626,RG,101.176506,191.511087,292.687593,5.221630,3.416612,26
08,000077,121600,83734,37866,RG,107.268704,195.604756,302.873460,5.112350,3.301709,28
08,000078,121428,82463,38965,RG,118.509318,204.059662,322.568980,4.900528,3.100112,29
08,000079,121392,81583,39809,RG,102.887861,212.068118,314.955979,4.715466,3.175047,30
08,000080,121713,81213,40500,RG,102.549411,214.252972,316.802383,4.667380,3.156542,27
08,000081,122195,81451,40744,RG,109.872405,218.754055,328.626460,4.571344,3.042969,31
08,000082,122237,80907,41330,RG,100.599980,219.494126,320.094106,4.555931,3.124081,29
08,000083,121892,79046,42846,RG,92.522390,230.301097,322.823487,4.342142,3.097668,31
08,000084,121846,78871,42975,RG,111.050156,230.384265,341.434421,4.340574,2.928820,28
08,000085,122556,80760,41796,RG,127.669159,225.672027,353.341186,4.431209,2.830126,32
08,000086,123228,78715,44513,RG,109.167588,244.374799,353.542387,4.092075,2.828515,32
08,000087,123618,78094,45524,RG,108.592704,249.336715,357.929419,4.010641,2.793847,31
08,000088,123576,81505,42071,RG,97.330001,231.797116,329.127117,4.314118,3.038340,31
08,000089,123115,83189,39926,RG,96.977738,194.610965,291.588703,5.138457,3.429488,32
08,000090,122458,84444,38014,RG,100.087422,185.230490,285.317912,5.398679,3.504862,30
08,000091,122600,84870,37730,RG,100.401720,185.621036,286.022756,5.387320,3.496225,30
08,000092,122963,86539,36424,RG,84.645711,173.815784,258.461495,5.753217,3.869048,23
08,000093,123395,87145,36250,RG,89.077281,171.378894,260.456175,5.835024,3.839418,24
08,000094,123653,89135,34518,RG,91.718576,168.023674,259.742250,5.951542,3.849970,25
08,000095,124109,89563,34546,RG,87.184613,164.085334,251.269947,6.094390,3.979784,19
08,000096,124503,90761,33742,RG,84.608691,160.783309,245.392000,6.219551,4.075112,12
08,000097,124704,91943,32761,RG,73.228158,156.320177,229.548335,6.397127,4.356381,12
08,000098,124577,92910,31667,RG,95.926422,152.205219,248.131641,6.570077,4.030119,13
08,000099,124664,93707,30957,RG,86.774905,148.597605,235.372510,6.729584,4.248585,15
09,000000,126997,94100,32897,RG,88.764867,173.135942,261.900809,5.775808,3.818239,14
09,000001,126939,94618,32321,RG,58.128398,169.790796,227.919194,5.889601,4.387520,11
09,000002,126807,94470,32337,RG,97.495283,168.008283,265.503566,5.952087,3.766428,9
09,000003,126700,95806,30894,RG,92.260807,159.674032,251.934839,6.262759,3.969280,11
09,000004,126702,98479,28223,RG,71.804352,144.526959,216.331311,6.919124,4.622539,14
09,000005,126771,100693,26078,RG,80.672654,132.066893,212.739547,7.571920,4.700583,13
09,000006,126681,97201,29480,RG,59.188193,149.575911,208.764104,6.685569,4.790096,12
09,000007,126568,91834,34734,RG,58.955210,184.621082,243.576292,5.416500,4.105490,12
09,000008,126585,96995,29590,RG,106.556224,150.771633,257.327857,6.632547,3.886093,13
09,000009,126676,98022,28654,RG,80.480152,146.870331,227.350483,6.808727,4.398495,15
09,000010,126720,97059,29661,RG,57.195701,154.253465,211.449166,6.482837,4.729269,14
09,000011,126694,92567,34127,RG,95.760365,184.188852,279.949217,5.429210,3.572076,13
09,000012,126736,94278,32458,RG,65.396651,169.689999,235.086650,5.893099,4.253751,14
09,000013,126763,94690,32073,RG,84.595279,168.172025,252.767304,5.946292,3.956208,12
09,000014,126809,98483,28326,RG,83.465734,145.378617,228.844351,6.878591,4.369782,10
09,000015,126748,90340,36408,RG,65.823835,193.309365,259.133200,5.173055,3.859019,12
09,000016,126805,95219,31586,RG,75.613753,162.418717,238.032470,6.156926,4.201108,11
09,000017,126733,91455,35278,RG,66.595834,188.160183,254.756017,5.314621,3.925324,10
09,000018,126840,96123,30717,RG,74.654010,157.400521,232.054531,6.353219,4.309332,8
09,000019,126802,90552,36250,RG,52.257091,195.472754,247.729845,5.115802,4.036655,8
09,000020,126847,93200,33647,RG,70.665521,178.003631,248.669152,5.617863,4.021408,8
09,000021,126819,98494,28325,RG,59.516448,141.591299,201.107747,7.062581,4.972459,9
09,000022,126736,89572,37164,RG,63.834304,201.930518,265.764822,4.952198,3.762725,13
09,000023,126563,91205,35358,RG,56.744580,188.519655,245.264235,5.304487,4.077235,9
09,000024,126799,87578,39221,RG,57.510148,216.543403,274.053551,4.618012,3.648922,10
09,000025,126606,90724,35882,RG,39.051637,193.916462,232.968099,5.156860,4.292433,8
09,000026,126650,89966,36684,RG,46.926284,196.502954,243.429238,5.088982,4.107970,10
09,000027,126666,87916,38750,RG,53.335235,210.399334,263.734569,4.752867,3.791691,9
09,000028,126584,85424,41160,RG,105.290295,223.615165,328.905460,4.471969,3.040387,9
09,000029,126629,97392,29237,RG,44.261432,148.403103,192.664535,6.738404,5.190369,10
09,000030,126605,85643,40962,RG,41.262078,227.138230,268.400308,4.402605,3.725778,10
09,000031,126699,82610,44089,RG,37.963472,248.456732,286.420204,4.024846,3.491374,9
09,000032,126826,79801,47025,RG,37.645184,269.625545,307.270729,3.708847,3.254459,10
09,000033,126791,82065,44726,RG,46.943296,253.595692,300.538988,3.943285,3.327355,13
09,000034,126823,79397,47426,RG,33.390752,269.913193,303.303945,3.704895,3.297023,10
09,000035,126878,78595,48283,RG,43.823616,276.824865,320.648481,3.612392,3.118680,11
09,000036,126928,69594,57334,RG,57.703498,337.103686,394.807184,2.966446,2.532882,12
09,000037,126923,64631,62292,RG,46.485762,363.616415,410.102177,2.750151,2.438417,16
09,000038,127073,66275,60798,RG,49.743443,358.475389,408.218832,2.789592,2.449667,15
09,000039,126897,64053,62844,RG,47.487707,371.585717,419.073424,2.691169,2.386217,16
09,000040,127014,67270,59744,RG,52.378887,349.856269,402.235156,2.858317,2.486108,16
09,000041,126887,81451,45436,RG,45.838163,249.676566,295.514729,4.005182,3.383926,15
09,000042,126896,61822,65074,RG,40.129465,408.704824,448.834289,2.446754,2.227994,16
09,000043,126984,62591,64393,RG,42.379740,410.969757,453.349497,2.433269,2.205804,12
09,000044,126872,71122,55750,RG,57.425900,355.804221,413.230121,2.810534,2.419959,11
09,000045,126739,67107,59632,RG,48.498404,382.938578,431.436982,2.611385,2.317836,8
09,000046,126514,68670,57844,RG,40.805437,375.864857,416.670294,2.660531,2.399979,13
09,000047,126367,64280,62087,RG,35.465206,423.873327,459.338533,2.359195,2.177044,13
09,000048,126410,63116,63294,RG,31.133964,447.085926,478.219890,2.236707,2.091088,10
09,000049,126276,63351,62925,RG,37.539005,445.980165,483.519170,2.242252,2.068170,13
09,000050,126309,66162,60147,RG,40.738749,415.507568,456.246317,2.406695,2.191799,10
09,000051,126347,64213,62134,RG,35.515617,425.410858,460.926475,2.350669,2.169543,9
09,000052,126195,66559,59636,RG,29.348720,412.408571,441.757291,2.424780,2.263686,5
09,000053,126165,67791,58374,RG,30.778166,410.520364,441.298530,2.435933,2.266040,5
09,000054,126141,66449,59692,RG,39.696090,419.791810,459.487900,2.382133,2.176336,7
09,000055,126040,68810,57230,RG,32.185106,410.411112,442.596218,2.436581,2.259396,6
09,000056,126172,72989,53183,RG,30.368763,367.836030,398.204793,2.718603,2.511271,6
09,000057,126112,70166,55946,RG,29.094496,391.632590,420.727086,2.553414,2.376838,3
09,000058,126085,69973,56112,RG,29.199581,387.708055,416.907636,2.579260,2.398613,4
09,000059,126200,73329,52871,RG,25.772902,362.530991,388.303893,2.758385,2.575303,5
09,000060,126163,70289,55874,RG,30.678774,385.467916,416.146690,2.594250,2.402999,1
09,000061,126255,72355,53900,RG,31.914895,371.066292,402.981187,2.694936,2.481505,4
09,000062,126276,69010,57266,RG,29.515832,395.412556,424.928388,2.529004,2.353338,8
09,000063,126418,70664,55754,RG,29.318495,376.353885,405.672380,2.657074,2.465043,3
09,000064,126427,69741,56686,RG,40.562127,386.256432,426.818559,2.588954,2.342916,7
09,000065,126472,73478,52994,RG,34.823388,360.676118,395.499506,2.772571,2.528448,7
09,000066,126519,74062,52457,RG,37.040153,361.868526,398.908679,2.763435,2.506839,7
09,000067,126449,72359,54090,RG,35.066215,373.396079,408.462294,2.678121,2.448206,2
09,000068,126536,72577,53959,RG,36.324677,367.070357,403.395034,2.724273,2.478960,7
09,000069,126511,71665,54846,RG,44.702321,387.517238,432.219559,2.580530,2.313639,5
09,000070,126447,70312,56135,RG,45.121359,388.031950,433.153309,2.577107,2.308651,8
09,000071,126411,68670,57741,RG,50.078171,396.772896,446.851067,2.520333,2.237882,6
09,000072,126364,70443,55921,RG,37.484149,390.452664,427.936813,2.561130,2.336794,9
09,000073,126454,72881,53573,RG,53.399862,363.864687,417.264549,2.748274,2.396561,5
09,000074,126471,69203,57268,RG,50.077393,391.036104,441.113497,2.557309,2.266990,9
09,000075,126686,70226,56460,RG,39.918993,387.838879,427.757872,2.578390,2.337771,9
09,000076,126717,69704,57013,RG,62.352955,398.641381,460.994336,2.508520,2.169224,7
09,000077,126756,71826,54930,RG,60.301174,376.175564,436.476738,2.658333,2.291073,6
09,000078,126762,70246,56516,RG,54.595689,384.446963,439.042652,2.601139,2.277683,6
09,000079,126771,71448,55323,RG,54.387359,380.366619,434.753978,2.629042,2.300151,5
09,000080,126959,67119,59840,RG,49.882928,419.663670,469.546598,2.382861,2.129714,3
09,000081,126927,70959,55968,RG,51.408451,387.646266,439.054717,2.579671,2.277620,3
09,000082,126925,72408,54517,RG,47.843067,374.489321,422.332388,2.670303,2.367803,4
09,000083,127015,72102,54913,RG,48.350406,372.850483,421.200889,2.682040,2.374164,9
09,000084,126902,70385,56517,RG,51.402351,384.582551,435.984902,2.600222,2.293657,5
09,000085,126876,65702,61174,RG,61.704702,428.404979,490.109681,2.334240,2.040360,9
09,000086,126844,72998,53846,RG,60.879542,365.806193,426.685735,2.733688,2.343645,11
09,000087,126954,73780,53174,RG,49.708219,366.321313,416.029532,2.729844,2.403676,8
09,000088,126856,71423,55433,RG,51.568634,376.177413,427.746047,2.658320,2.337836,7
09,000089,126641,69705,56936,RG,46.727172,395.098881,441.826053,2.531012,2.263334,5
09,000090,126714,69916,56798,RG,52.009476,397.064519,449.073995,2.518482,2.226805,4
09,000091,126737,63461,63276,RG,56.909463,452.270972,509.180435,2.211064,1.963940,3
09,000092,126591,70006,56585,RG,39.279089,391.888513,431.167602,2.551746,2.319284,3
09,000093,126660,65387,61273,RG,44.761530,430.566618,475.328148,2.322521,2.103810,7
09,000094,126800,67436,59364,RG,39.251052,420.245629,459.496681,2.379561,2.176294,6
09,000095,126792,66860,59932,RG,52.696200,420.108095,472.804295,2.380340,2.115040,5
09,000096,126663,65708,60955,RG,57.340713,433.767591,491.108304,2.305382,2.036211,6
09,000097,126732,70125,56607,RG,38.933357,391.700397,430.633754,2.552972,2.322159,5
09,000098,126671,69867,56804,RG,38.777625,398.917499,437.695124,2.506784,2.284695,5
09,000099,126573,72343,54230,RG,36.923211,376.360422,413.283633,2.657028,2.419646,5
10,000000,121184,97857,23327,RG,142.767952,156.181262,298.949214,6.402817,3.345050,2
10,000001,121208,97870,23338,RG,104.725276,152.011779,256.737055,6.578438,3.895036,2
10,000002,121379,97489,23890,RG,113.207611,153.904575,267.112186,6.497533,3.743745,1
10,000003,121594,97788,23806,RG,121.318248,154.484052,275.802300,6.473160,3.625786,1
10,000004,121914,98517,23397,RG,112.110896,151.131753,263.242649,6.616743,3.798777,1
10,000005,121989,98990,22999,RG,120.097576,149.757028,269.854604,6.677483,3.705699,3
10,000006,121948,98528,23420,RG,116.084596,152.016347,268.100943,6.578240,3.729938,3
10,000007,121983,98301,23682,RG,93.835823,155.872436,249.708259,6.415502,4.004673,3
10,000008,122231,98330,23901,RG,119.182776,152.910628,272.093404,6.539768,3.675209,4
10,000009,122492,99222,23270,RG,95.171531,154.488710,249.660241,6.472965,4.005444,2
10,000010,122473,99252,23221,RG,102.898708,153.466228,256.364936,6.516092,3.900689,2
10,000011,122470,99404,23066,RG,112.087045,150.951408,263.038453,6.624648,3.801726,2
10,000012,122392,98908,23484,RG,106.883729,156.102838,262.986567,6.406033,3.802476,3
10,000013,122521,99480,23041,RG,104.802002,152.179184,256.981186,6.571201,3.891335,4
10,000014,122480,99121,23359,RG,105.968469,149.681345,255.649814,6.680859,3.911601,4
10,000015,122102,98602,23500,RG,84.727644,138.735899,223.463543,7.207940,4.475003,5
10,000016,121818,99560,22258,RG,109.115620,131.927154,241.042774,7.579941,4.148641,5
10,000017,121389,99201,22188,RG,153.984585,128.393492,282.378077,7.788557,3.541351,8
10,000018,121141,98228,22913,RG,124.346424,134.547395,258.893819,7.432325,3.862587,5
10,000019,121052,98671,22381,RG,138.647977,130.981618,269.629595,7.634659,3.708792,4
10,000020,120903,98157,22746,RG,168.385901,133.588848,301.974749,7.485655,3.311535,5
10,000021,120643,98331,22312,RG,150.712129,132.081671,282.793800,7.571073,3.536145,4
10,000022,120436,97679,22757,RG,102.781050,135.301554,238.082604,7.390898,4.200223,6
10,000023,120176,98151,22025,RG,153.282223,128.941199,282.223422,7.755473,3.543292,5
10,000024,120239,98267,21972,RG,132.798849,132.385468,265.184317,7.553699,3.770962,3
10,000025,120018,98254,21764,RG,131.363760,134.011347,265.375107,7.462055,3.768251,3
10,000026,119775,97594,22181,RG,111.214761,132.845672,244.060433,7.527532,4.097346,5
10,000027,119783,97457,22326,RG,111.433379,133.092326,244.525705,7.513581,4.089550,6
10,000028,119946,97977,21969,RG,77.360540,129.232604,206.593144,7.737985,4.840432,4
10,000029,120175,97587,22588,RG,71.762320,135.412229,207.174549,7.384857,4.826848,5
10,000030,120260,96409,23851,RG,73.215783,142.597400,215.813183,7.012751,4.633637,5
10,000031,120486,93704,26782,RG,93.897147,162.300694,256.197841,6.161403,3.903234,5
10,000032,120558,96583,23975,RG,105.133366,145.569631,250.702997,6.869565,3.988784,5
10,000033,120668,97658,23010,RG,81.268897,141.297171,222.566068,7.077283,4.493048,5
10,000034,120764,96633,24131,RG,58.309560,145.752250,204.061810,6.860958,4.900476,4
10,000035,120942,97444,23498,RG,68.140648,143.512728,211.653376,6.968023,4.724706,3
10,000036,120895,95948,24947,RG,82.623191,151.214273,233.837464,6.613132,4.276475,4
10,000037,121024,95805,25219,RG,80.869825,156.017373,236.887198,6.409543,4.221418,3
10,000038,120990,96079,24911,RG,78.673143,153.227946,231.901089,6.526225,4.312183,3
10,000039,120873,95716,25157,RG,75.210295,155.947848,231.158143,6.412400,4.326043,2
10,000040,120839,96439,24400,RG,62.495262,151.273936,213.769198,6.610524,4.677942,1
10,000041,120947,96509,24438,RG,52.533131,153.161261,205.694392,6.529066,4.861581,2
10,000042,121303,96448,24855,RG,58.219451,155.082518,213.301969,6.448180,4.688189,3
10,000043,121480,96305,25175,RG,65.879953,157.516930,223.396883,6.348524,4.476338,2
10,000044,121767,96191,25576,RG,63.331563,161.202459,224.534022,6.203379,4.453668,2
10,000045,122206,96085,26121,RG,61.023126,171.714841,232.737967,5.823608,4.296678,1
10,000046,122456,95345,27111,RG,56.544486,177.798096,234.342582,5.624357,4.267257,3
10,000047,122654,97907,24747,RG,56.208708,164.417302,220.626010,6.082085,4.532557,2
10,000048,122730,98196,24534,RG,55.792528,165.611543,221.404071,6.038226,4.516629,0
10,000049,122880,98192,24688,RG,80.407899,163.466923,243.874822,6.117446,4.100464,0
10,000050,122993,97940,25053,RG,61.308753,168.833666,230.142419,5.922989,4.345136,1
10,000051,123336,98544,24792,RG,62.200299,164.376337,226.576636,6.083601,4.413518,1
10,000052,123556,98851,24705,RG,57.879546,167.468686,225.348232,5.971266,4.437576,0
10,000053,123869,98691,25178,RG,62.884202,167.322195,230.206397,5.976493,4.343928,2
10,000054,124212,98865,25347,RG,88.764422,168.871357,257.635779,5.921667,3.881448,3
10,000055,124418,99188,25230,RG,59.399178,167.667140,227.066318,5.964198,4.404000,2
10,000056,124522,97616,26906,RG,74.669927,176.213641,250.883568,5.674930,3.985913,3
10,000057,124915,98360,26555,RG,84.108643,175.436627,259.545270,5.700064,3.852892,4
10,000058,125536,97768,27768,RG,65.219188,181.527927,246.747115,5.508794,4.052732,5
10,000059,126092,96663,29429,RG,61.605470,192.539618,254.145088,5.193736,3.934760,6
10,000060,126747,95770,30977,RG,66.665139,203.983518,270.648657,4.902357,3.694827,6
10,000061,127220,95279,31941,RG,73.572074,206.185387,279.757461,4.850004,3.574525,7
10,000062,127110,91556,35554,RG,66.671505,231.251110,297.922615,4.324304,3.356576,5
10,000063,126964,91134,35830,RG,67.434239,228.736209,296.170448,4.371848,3.376434,6
10,000064,126809,88271,38538,RG,75.198547,249.519997,324.718544,4.007695,3.079590,5
10,000065,126668,86901,39767,RG,75.210743,262.329751,337.540494,3.811996,2.962608,5
10,000066,126561,84197,42364,RG,82.959353,277.269987,360.229340,3.606593,2.776009,2
10,000067,126692,87445,39247,RG,80.247726,254.197341,334.445067,3.933951,2.990028,6
10,000068,126653,81834,44819,RG,72.098950,295.422872,367.521822,3.384978,2.720927,10
10,000069,126902,80675,46227,RG,67.009160,304.157176,371.166336,3.287774,2.694210,6
10,000070,126971,80393,46578,RG,101.091994,305.965491,407.057485,3.268342,2.456655,6
10,000071,126974,80036,46938,RG,72.908263,313.083118,385.991381,3.194040,2.590731,7
10,000072,126946,85921,41025,RG,85.753059,276.447106,362.200165,3.617329,2.760904,6
10,000073,127020,82870,44150,RG,74.321416,290.812789,365.134205,3.438638,2.738719,11
10,000074,126983,80720,46263,RG,75.286536,308.582693,383.869229,3.240622,2.605054,7
10,000075,126947,78752,48195,RG,88.395554,319.721193,408.116747,3.127725,2.450279,7
10,000076,127040,82641,44399,RG,93.611830,299.085817,392.697647,3.343522,2.546488,9
10,000077,127206,80287,46919,RG,79.619599,308.106764,387.726363,3.245628,2.579139,8
10,000078,127387,81943,45444,RG,127.461911,306.406997,433.868908,3.263633,2.304844,9
10,000079,127427,82128,45299,RG,81.401453,303.231415,384.632868,3.297811,2.599882,9
10,000080,127434,80521,46913,RG,93.049613,309.252500,402.302113,3.233604,2.485694,7
10,000081,127487,80491,46996,RG,124.141522,312.826129,436.967651,3.196664,2.288499,7
10,000082,127389,79963,47426,RG,135.547644,310.707996,446.255640,3.218456,2.240868,6
10,000083,127494,85664,41830,RG,100.702080,274.756761,375.458841,3.639583,2.663408,9
10,000084,127489,77310,50179,RG,135.565205,335.569987,471.135192,2.980004,2.122533,5
10,000085,127530,78139,49391,RG,90.595579,331.564306,422.159885,3.016006,2.368771,6
10,000086,127698,75983,51715,RG,70.888507,351.656678,422.545185,2.843683,2.366611,4
10,000087,127870,73406,54464,RG,71.619640,381.611251,453.230891,2.620468,2.206381,10
10,000088,128036,78492,49544,RG,66.624579,350.772002,417.396581,2.850855,2.395803,8
10,000089,127948,73466,54482,RG,68.398552,379.673632,448.072184,2.633841,2.231783,9
10,000090,128169,72839,55330,RG,66.764110,386.675658,453.439768,2.586147,2.205365,11
10,000091,127998,72333,55665,RG,60.196482,385.715963,445.912445,2.592581,2.242593,9
10,000092,128014,73510,54504,RG,49.755665,382.283951,432.039616,2.615857,2.314603,8
10,000093,128049,73086,54963,RG,68.608677,352.657983,421.266660,2.835609,2.373793,10
10,000094,128112,73206,54906,RG,58.685354,350.127866,408.813220,2.856099,2.446105,7
10,000095,127901,75077,52824,RG,73.820412,360.703364,434.523776,2.772361,2.301370,10
10,000096,128050,75204,52846,RG,57.605600,359.395422,417.001022,2.782451,2.398076,12
10,000097,128048,74650,53398,RG,71.110363,363.036770,434.147133,2.754542,2.303367,13
10,000098,127998,76099,51899,RG,60.975047,340.576684,401.551731,2.936196,2.490339,13
10,000099,127967,76899,51068,RG,71.458259,324.250293,395.708552,3.084037,2.527112,14
