file,target_points,algorithm,max_n,points,kept_runs,clusters_median,total_mean_ms,total_std_ms,total_min_ms,total_max_ms,build_mean_ms,build_std_ms,build_min_ms,build_max_ms,search_mean_ms,search_std_ms,search_min_ms,search_max_ms,merge_mean_ms,merge_std_ms,merge_min_ms,merge_max_ms,final_mean_ms,final_std_ms,final_min_ms,final_max_ms
seq00_static_50k.ply,50000,FEC,0,50000,5,39,25.770367,0.843674,24.414706,26.620686,3.657090,0.061867,3.600501,3.756915,11.542834,0.473864,10.802304,12.122471,8.253984,0.383739,7.666423,8.582323,1.577509,0.028985,1.547389,1.614261
seq00_static_50k.ply,50000,FEC1,0,50000,5,39,18.861875,0.173773,18.652254,19.087140,3.668816,0.091922,3.561030,3.747489,11.315109,0.142317,11.090676,11.448863,1.270769,0.024739,1.243119,1.307296,1.572557,0.059739,1.520709,1.675801
seq00_static_50k.ply,50000,FECunion,0,50000,5,39,15.529867,0.353830,15.247766,16.141949,3.602557,0.130501,3.491664,3.787099,10.151521,0.193490,10.019668,10.484342,0.585870,0.069818,0.537272,0.703937,0.173718,0.004182,0.169280,0.180105
seq00_static_50k.ply,50000,FEC,50,50000,5,39,22.314188,0.269336,21.973466,22.632142,3.462003,0.030881,3.418353,3.493654,9.673445,0.232856,9.398702,9.942026,6.982978,0.224100,6.765944,7.264756,1.496557,0.014353,1.483118,1.516259
seq00_static_50k.ply,50000,FEC1,50,50000,5,39,17.129178,0.346546,16.822953,17.704624,3.471458,0.043962,3.426836,3.539101,10.165579,0.316338,9.968347,10.721295,1.071796,0.025214,1.045917,1.109558,1.476217,0.031884,1.429780,1.502747
seq00_static_50k.ply,50000,FECunion,50,50000,5,39,14.582599,0.209473,14.432783,14.949515,3.475092,0.045990,3.397447,3.507392,9.443962,0.177072,9.282672,9.727372,0.548570,0.016869,0.536090,0.577209,0.171310,0.011150,0.164476,0.191091
seq00_static_100k.ply,100000,FEC,0,100000,5,78,73.391850,6.000218,68.740414,83.721648,8.528973,0.150092,8.295082,8.699806,22.583643,2.711668,19.676912,26.777825,37.578585,3.417745,35.178300,43.340640,3.498824,0.169406,3.311344,3.713832
seq00_static_100k.ply,100000,FEC1,0,100000,5,78,35.634312,0.631209,34.773522,36.240850,8.370287,0.361393,8.140980,9.007903,20.177249,0.314663,19.833197,20.692373,2.147304,0.104256,2.007349,2.301256,3.182671,0.107011,3.068044,3.356718
seq00_static_100k.ply,100000,FECunion,0,100000,5,78,30.024156,0.372244,29.450922,30.443654,8.155549,0.109736,7.978331,8.247302,18.609064,0.265526,18.285997,18.987266,1.020459,0.021030,0.993027,1.044620,0.466502,0.004143,0.460813,0.470638
seq00_static_100k.ply,100000,FEC,50,100000,5,78,67.703326,1.982343,65.597263,69.736855,8.098918,0.122041,7.999078,8.305908,18.970483,0.352375,18.687825,19.544894,36.326452,1.643746,34.535630,37.880951,3.203744,0.050378,3.154072,3.287632
seq00_static_100k.ply,100000,FEC1,50,100000,5,78,32.676154,0.968806,31.187400,33.734007,8.173014,0.329617,7.685213,8.570071,18.142099,0.568217,17.373312,18.927939,1.871052,0.080434,1.757870,1.953686,2.941065,0.222967,2.760694,3.303250
seq00_static_100k.ply,100000,FECunion,50,100000,5,78,26.863450,0.275973,26.706466,27.347984,7.611477,0.320123,7.440639,8.181825,16.335586,0.052434,16.269840,16.399644,0.937259,0.011394,0.925399,0.952744,0.418731,0.004464,0.415278,0.424806
seq00_static_150k.ply,150000,FEC,0,150000,5,88,115.450400,0.756416,114.637041,116.614527,12.628190,0.408833,12.325728,13.324208,28.656960,0.496973,28.180594,29.404248,67.998744,0.554974,67.334689,68.651669,4.658271,0.212130,4.476875,5.011560
seq00_static_150k.ply,150000,FEC1,0,150000,5,88,50.142504,1.885237,48.244317,52.719037,12.657523,0.346629,12.376155,13.093115,27.838716,1.223906,26.394645,29.429606,2.829367,0.206430,2.631947,3.130026,4.373393,0.080792,4.271375,4.475092
seq00_static_150k.ply,150000,FECunion,0,150000,5,88,43.901642,0.545988,43.281940,44.544966,12.906982,0.132496,12.749433,13.061925,26.129480,0.377809,25.669894,26.650824,1.394716,0.026936,1.361402,1.427997,0.715301,0.021690,0.697604,0.752137
seq00_static_150k.ply,150000,FEC,50,150000,5,88,116.596408,2.230752,114.063552,119.655803,12.944607,0.213415,12.737711,13.196341,28.745978,2.274299,26.994937,32.208696,68.760007,1.750851,67.079584,71.657458,4.643599,0.115557,4.474360,4.778447
seq00_static_150k.ply,150000,FEC1,50,150000,5,88,51.067483,0.687238,50.136938,52.019800,12.847643,0.184887,12.691272,13.163990,27.928944,0.620667,26.933968,28.602343,2.957338,0.128720,2.735646,3.052368,4.570476,0.287518,4.372316,5.070261
seq00_static_150k.ply,150000,FECunion,50,150000,5,88,43.221776,0.149120,43.105776,43.481129,13.172155,0.275806,12.869921,13.599806,25.060307,0.309048,24.619546,25.379181,1.386495,0.027708,1.351488,1.428549,0.740161,0.062126,0.704227,0.850273
seq00_static_200k.ply,200000,FEC,0,200000,5,112,193.244281,2.894704,189.359669,196.884140,18.713014,0.526618,17.903304,19.299175,44.011688,2.932046,40.375384,47.995030,121.968677,0.377872,121.481781,122.378714,6.508403,0.218550,6.235959,6.796167
seq00_static_200k.ply,200000,FEC1,0,200000,5,112,67.422318,0.769824,66.129511,68.135346,17.525568,0.131294,17.432652,17.752880,37.311497,0.576456,36.440500,37.927641,3.467151,0.089363,3.383536,3.565301,6.081673,0.070138,5.992021,6.175519
seq00_static_200k.ply,200000,FECunion,0,200000,5,112,59.507197,0.603707,58.914862,60.166361,17.445308,0.132240,17.338357,17.665437,35.685977,0.448975,35.312969,36.295255,1.948335,0.014323,1.927611,1.966419,0.966681,0.012525,0.946224,0.977058
seq00_static_200k.ply,200000,FEC,50,200000,5,112,187.207891,3.412623,183.756161,191.917054,17.647360,0.440302,17.254095,18.370050,38.747655,1.491729,37.327948,40.483675,122.177611,2.355977,120.009830,126.033368,6.749486,0.881507,6.260186,8.321276
seq00_static_200k.ply,200000,FEC1,50,200000,5,112,67.680785,0.621222,66.976051,68.559155,17.926325,0.498505,17.558229,18.554775,36.895260,0.737362,36.056347,38.060901,3.577928,0.084477,3.488266,3.696072,5.985098,0.078520,5.899572,6.103477
seq00_static_200k.ply,200000,FECunion,50,200000,5,112,59.454758,0.751360,58.586788,60.427461,17.851852,0.301454,17.585914,18.357445,35.122338,0.663881,34.470653,36.191996,1.972908,0.037560,1.908264,2.002874,0.987261,0.029630,0.966875,1.039579
seq00_static_250k.ply,250000,FEC,0,250000,5,133,277.567228,3.446456,274.244401,282.822742,23.676631,0.582385,23.029392,24.253505,53.370937,2.664971,51.369864,57.640692,189.132963,2.365048,185.606167,191.826084,8.751197,0.774037,7.783297,9.871808
seq00_static_250k.ply,250000,FEC1,0,250000,5,133,80.849468,0.730685,80.022028,81.777199,21.833127,0.953723,21.095285,23.125006,44.201234,0.258916,43.934052,44.585767,4.025976,0.023044,3.997439,4.059378,7.083007,0.393236,6.876196,7.785232
seq00_static_250k.ply,250000,FECunion,0,250000,5,133,76.577379,1.659562,73.948947,78.176838,22.413642,0.885576,21.884021,23.956083,45.690927,1.190389,43.887558,46.773690,2.332375,0.057166,2.245999,2.379840,1.182844,0.025829,1.156525,1.211188
seq00_static_250k.ply,250000,FEC,50,250000,5,133,258.612189,5.587258,253.279556,265.145882,22.355296,1.758820,20.953146,25.300794,48.167235,2.559759,45.953678,51.137932,178.236933,1.898577,176.176695,180.359800,7.608169,0.492003,7.201072,8.404336
seq00_static_250k.ply,250000,FEC1,50,250000,5,133,86.462503,0.591120,85.840156,87.250292,23.178611,0.914820,21.685204,24.028939,46.948478,0.859910,45.884419,48.135053,4.380018,0.198725,4.169556,4.699267,7.973236,0.534365,7.591446,8.866229
seq00_static_250k.ply,250000,FECunion,50,250000,5,133,78.548392,3.305241,76.035675,83.605679,24.486566,1.609912,23.258620,26.413854,45.498224,1.359885,44.456741,47.831435,2.503280,0.086440,2.427325,2.611651,1.330704,0.125943,1.211324,1.540444
seq00_static_300k.ply,300000,FEC,0,300000,5,145,389.837253,14.637801,376.674008,411.076398,30.632391,1.600493,28.484096,32.433063,75.814398,9.359889,68.746590,89.790520,270.320610,4.465637,265.267196,276.251631,10.208513,0.105900,10.087203,10.334014
seq00_static_300k.ply,300000,FEC1,0,300000,5,145,106.486231,0.742556,105.684088,107.569069,28.641536,0.627896,28.030947,29.586638,58.313857,0.750064,57.497002,59.296679,5.184717,0.136708,5.055003,5.408167,9.505070,0.080360,9.412180,9.599615
seq00_static_300k.ply,300000,FECunion,0,300000,5,145,94.719121,0.683160,94.081816,95.686701,28.959730,0.937824,28.065161,30.399519,55.849527,0.663127,54.974514,56.615641,2.967730,0.035644,2.913534,3.001157,1.497290,0.033964,1.459809,1.551959
seq00_static_300k.ply,300000,FEC,50,300000,5,145,357.704443,7.332841,349.311392,366.198036,27.622902,1.069710,26.766199,29.381381,64.992038,5.062555,59.667259,72.750858,252.649193,4.252141,249.668228,259.504361,9.698983,0.535609,9.130702,10.543272
seq00_static_300k.ply,300000,FEC1,50,300000,5,145,100.797273,2.345384,98.385350,104.492096,26.757937,0.912784,25.849690,28.137658,55.355507,1.213468,54.202825,57.028128,4.998835,0.096104,4.896085,5.151472,8.942684,0.348871,8.692381,9.522708
seq00_static_300k.ply,300000,FECunion,50,300000,5,145,94.738794,1.865256,92.804419,97.056216,28.656989,1.031784,27.884000,30.445341,55.798765,1.285323,54.620142,57.812184,2.996171,0.041900,2.924472,3.028538,1.574539,0.215948,1.453216,1.957620
seq00_static_350k.ply,350000,FEC,0,350000,5,156,474.826887,8.147821,467.362971,486.685889,34.903498,1.106565,33.226437,36.314254,78.753659,4.490316,75.214980,86.325359,345.707285,5.272632,339.692712,350.296246,12.066118,0.445760,11.675772,12.799685
seq00_static_350k.ply,350000,FEC1,0,350000,5,156,128.454933,3.990163,124.935138,133.760542,34.771642,1.550630,33.721561,37.479771,69.459278,2.091959,67.277137,72.563737,6.170764,0.331365,5.795706,6.563106,12.162280,0.852156,11.103894,13.267738
seq00_static_350k.ply,350000,FECunion,0,350000,5,156,105.272887,0.394722,104.826129,105.825326,32.166352,0.380837,31.776770,32.739565,61.468958,0.573454,60.811824,62.302432,3.317653,0.058125,3.243255,3.405770,1.689754,0.262254,1.564858,2.158725
seq00_static_350k.ply,350000,FEC,50,350000,5,156,450.890128,7.741056,441.448525,461.464163,32.582303,0.632886,32.034598,33.597312,71.637586,3.015754,68.540526,76.421986,332.562624,7.411720,322.060287,343.016310,10.918720,0.430425,10.435676,11.437085
seq00_static_350k.ply,350000,FEC1,50,350000,5,156,127.370536,5.323740,123.362441,136.707797,35.562416,2.580450,33.805155,40.063425,68.819797,2.217351,66.148039,72.031295,6.165430,0.332666,5.778596,6.697254,10.921298,0.264277,10.704907,11.347547
seq00_static_350k.ply,350000,FECunion,50,350000,5,156,114.415080,1.289169,112.322332,115.338477,35.249111,1.138554,34.109186,36.850769,66.642770,0.705902,65.912351,67.532609,3.606694,0.073133,3.553928,3.724213,1.763870,0.040419,1.700432,1.807060
seq00_static_400k.ply,400000,FEC,0,400000,5,171,599.371001,22.740506,574.038798,625.158438,42.250083,2.544501,39.736618,45.804525,88.219958,3.936658,82.380393,91.796298,450.670469,16.620971,434.031357,468.760041,14.274708,0.901215,13.114331,15.224929
seq00_static_400k.ply,400000,FEC1,0,400000,5,171,139.497495,1.810909,138.198788,142.367124,40.236812,1.269993,39.220059,42.442962,74.015832,0.587980,73.261462,74.881805,6.434217,0.025162,6.394808,6.457066,12.227052,0.316250,12.037789,12.772622
seq00_static_400k.ply,400000,FECunion,0,400000,5,171,126.587507,3.981653,123.492639,131.402175,39.183785,0.862741,38.270879,40.318721,73.253419,2.711747,70.658329,76.644022,3.893852,0.161126,3.690473,4.140181,1.880992,0.074877,1.814151,1.980649
seq00_static_400k.ply,400000,FEC,50,400000,5,171,626.054784,9.345171,614.419156,636.062291,41.146795,0.429844,40.443216,41.520954,89.862904,5.514516,84.602476,97.545089,476.486723,4.712598,469.663496,481.446486,14.423072,0.149010,14.273474,14.605045
seq00_static_400k.ply,400000,FEC1,50,400000,5,171,145.107777,1.653400,143.609783,147.402567,41.614584,1.233539,40.628610,43.446135,76.387314,0.628310,75.463838,77.009717,6.710901,0.127173,6.563375,6.875069,13.617182,0.630435,12.943025,14.367063
seq00_static_400k.ply,400000,FECunion,50,400000,5,171,122.805189,1.219688,121.309382,124.207337,39.229423,1.257287,37.806821,40.828994,69.904490,0.468735,69.380254,70.378357,3.798387,0.033424,3.742989,3.829743,1.842404,0.019390,1.813218,1.857963
seq00_static_450k.ply,450000,FEC,0,450000,5,180,724.122468,29.321540,692.467320,766.290720,47.122633,3.188370,43.929881,51.611241,102.842529,6.236538,92.999426,108.530345,553.590038,23.745120,535.970685,584.491156,15.892603,0.826933,14.964087,16.948444
seq00_static_450k.ply,450000,FEC1,0,450000,5,180,171.689483,1.858029,168.645763,173.490908,48.613206,1.274936,47.177739,50.617463,91.685874,1.367906,89.688470,93.441753,7.947097,0.104830,7.825655,8.054295,15.383356,0.800890,14.530346,16.297417
seq00_static_450k.ply,450000,FECunion,0,450000,5,180,153.494679,1.568905,151.626873,155.952151,48.870586,1.071422,47.386034,49.897050,87.636645,0.702143,86.971865,88.582030,4.632408,0.031409,4.591957,4.677439,2.268152,0.028937,2.247473,2.317907
seq00_static_450k.ply,450000,FEC,50,450000,5,180,733.734637,12.838451,720.965118,747.775883,48.809567,2.559031,44.754303,51.839176,100.818836,3.252456,97.339140,104.298738,563.750330,11.163427,552.002584,576.102464,15.569981,0.418972,14.946501,16.116445
seq00_static_450k.ply,450000,FEC1,50,450000,5,180,163.478387,0.940500,162.516919,164.714944,47.052471,1.095492,45.548231,48.532445,86.933355,0.697738,86.188492,87.690940,7.796910,0.089687,7.682751,7.885197,13.751422,0.404161,13.178597,14.245761
seq00_static_450k.ply,450000,FECunion,50,450000,5,180,144.009634,1.519231,142.544627,146.359741,46.222852,1.105264,45.148436,47.900508,81.813199,1.726470,80.600017,84.837047,4.413895,0.119758,4.340241,4.623979,2.144321,0.032247,2.112933,2.196724
seq00_static_500k.ply,500000,FEC,0,500000,5,181,874.728285,17.754388,862.355140,905.637602,53.717068,2.220522,52.137290,57.474091,118.917782,12.558530,109.950971,141.007807,679.708721,5.050483,672.692781,684.923119,17.404411,1.069238,16.075886,18.718647
seq00_static_500k.ply,500000,FEC1,0,500000,5,181,184.952793,2.991803,181.016995,187.971349,53.603108,0.615998,53.023329,54.291399,98.280312,2.256759,95.192916,101.078454,8.719859,0.377017,8.109885,9.085225,15.633350,0.547184,14.960101,16.225363
seq00_static_500k.ply,500000,FECunion,0,500000,5,181,162.226807,0.571017,161.526450,162.948666,52.562605,1.005189,51.169017,53.749961,91.825650,0.797544,90.692386,92.878808,4.880445,0.044500,4.824102,4.928686,2.355165,0.025088,2.314527,2.380198
seq00_static_500k.ply,500000,FEC,50,500000,5,181,892.617268,12.660346,877.402778,906.369737,52.791585,0.555966,52.028911,53.584377,111.681482,5.944523,106.509797,120.204243,706.411498,12.271922,687.564372,718.723957,16.728561,0.559865,16.249879,17.599264
seq00_static_500k.ply,500000,FEC1,50,500000,5,181,182.878747,3.075503,177.774641,185.863101,53.145741,1.362645,51.447958,54.774002,96.713784,2.035864,93.654354,98.511637,8.459263,0.207189,8.100591,8.618403,15.710772,0.474525,15.135507,16.238832
seq00_static_500k.ply,500000,FECunion,50,500000,5,181,162.416347,1.287876,160.607154,164.098534,52.857046,0.785442,51.838588,53.989835,91.736222,1.323299,90.687919,94.047966,4.928426,0.061593,4.843976,5.010255,2.380085,0.043913,2.316206,2.431460
seq00_static_550k.ply,550000,FEC,0,550000,5,200,1060.497161,10.589774,1049.587410,1076.470268,61.748786,4.212713,58.687440,68.428863,131.223809,4.193255,125.088959,135.233200,841.735404,9.239405,830.997546,851.437727,20.124071,0.876656,18.675338,20.846298
seq00_static_550k.ply,550000,FEC1,0,550000,5,200,205.167421,1.260482,203.628751,206.669521,61.250150,1.349093,59.759149,63.399104,106.844051,1.172945,105.920004,108.856800,9.164494,0.093398,9.030124,9.254526,18.687955,0.427678,18.263200,19.218285
seq00_static_550k.ply,550000,FECunion,0,550000,5,200,184.787895,3.710020,181.249545,190.216353,59.877624,1.251755,58.079936,61.013188,104.691254,2.310878,102.276007,108.171241,5.430266,0.078368,5.373370,5.562643,2.633483,0.031397,2.596625,2.672702
seq00_static_550k.ply,550000,FEC,50,550000,5,200,1075.626975,14.908704,1050.454598,1088.584826,62.480506,1.105447,61.272938,64.043835,126.036295,2.944790,123.478479,130.918479,861.421173,14.983052,837.095692,876.789521,20.054107,0.957754,18.734746,20.809209
seq00_static_550k.ply,550000,FEC1,50,550000,5,200,207.733973,3.195243,204.160086,212.615796,63.212512,1.612195,61.431486,64.709389,107.123920,1.647361,106.121916,110.044935,9.414679,0.234299,9.150987,9.685837,18.223455,0.548883,17.734193,18.856737
seq00_static_550k.ply,550000,FECunion,50,550000,5,200,183.802387,1.826524,181.744924,186.557303,61.168660,1.126798,59.662392,62.439744,102.413152,0.789660,101.453992,103.652509,5.496839,0.076221,5.431790,5.628520,2.834024,0.382986,2.587296,3.511936
seq00_static_600k.ply,600000,FEC,0,600000,5,221,1256.515249,18.431766,1232.171654,1277.135593,67.641430,2.104695,65.156109,70.832976,147.436131,2.974162,144.731499,151.474249,1013.122049,15.105263,991.753857,1031.675731,21.948466,1.018564,20.883056,23.483183
seq00_static_600k.ply,600000,FEC1,0,600000,5,221,221.514609,2.189973,218.096341,224.091131,64.424075,0.984013,62.813745,65.471562,117.989278,0.665042,116.835304,118.463569,10.249033,0.169341,10.070957,10.529043,18.834050,0.900292,17.853197,20.312372
seq00_static_600k.ply,600000,FECunion,0,600000,5,221,193.765516,2.074616,191.449921,196.207237,62.994285,0.828688,62.282759,64.143251,110.710440,1.379964,109.538550,112.867005,5.778790,0.083680,5.652863,5.880077,2.819016,0.067262,2.741764,2.890238
seq00_static_600k.ply,600000,FEC,50,600000,5,221,1236.340640,10.054450,1225.638409,1248.529454,64.667600,2.135698,61.794385,67.178698,142.201046,6.794410,133.569108,152.582002,1004.482854,7.594525,994.423491,1012.584826,19.434764,0.348582,19.105239,19.972960
seq00_static_600k.ply,600000,FEC1,50,600000,5,221,213.159658,0.966272,212.155446,214.701681,63.123453,0.386693,62.617302,63.514859,112.873191,0.704195,111.834280,113.729103,9.748950,0.139381,9.586006,9.959790,17.744607,0.251340,17.341285,17.968614
seq00_static_600k.ply,600000,FECunion,50,600000,5,221,200.819098,9.728893,192.845410,216.631036,65.108544,1.981215,63.665113,68.420182,114.270106,6.792110,107.862135,124.724441,5.934373,0.146225,5.738719,6.112003,3.013825,0.308486,2.830161,3.559256
seq00_static_650k.ply,650000,FEC,0,650000,5,225,1408.366838,50.239234,1339.157055,1450.989494,70.915212,4.247811,65.725248,77.097720,156.781560,5.541979,150.182263,162.902331,1153.905485,42.242913,1091.604804,1189.722732,20.851117,1.040871,19.465070,22.235317
seq00_static_650k.ply,650000,FEC1,0,650000,5,225,240.672171,2.469039,237.870155,244.223603,69.925611,1.679294,67.085018,71.465978,128.816093,2.732795,125.271550,131.581260,11.237748,0.645829,10.806394,12.372685,19.374806,0.854475,17.910198,20.101255
seq00_static_650k.ply,650000,FECunion,0,650000,5,225,196.319116,3.327833,192.595380,200.225519,62.918455,1.562454,60.802738,64.604606,112.758821,1.887776,109.992585,114.741285,5.673684,0.094591,5.540084,5.804729,2.811492,0.042390,2.752942,2.863950
seq00_static_650k.ply,650000,FEC,50,650000,5,225,1302.273845,9.814215,1288.150663,1309.761990,62.414590,1.136476,60.989401,63.988599,137.868457,6.224514,130.670158,144.520252,1077.939430,13.226213,1056.878622,1092.854757,18.512603,0.277044,18.155191,18.909702
seq00_static_650k.ply,650000,FEC1,50,650000,5,225,210.599344,1.185114,208.512340,211.413337,63.613116,1.493730,61.840428,65.918138,110.265981,0.850134,108.968575,110.986595,9.682391,0.129663,9.501370,9.862221,17.270353,0.208166,17.004782,17.563983
seq00_static_650k.ply,650000,FECunion,50,650000,5,225,188.320349,7.562735,184.221228,201.747340,62.449241,2.488444,60.668896,66.801603,106.199104,4.472347,103.074806,114.064799,5.751795,0.203635,5.562207,6.086572,2.790853,0.117755,2.699904,2.992211
seq00_static_700k.ply,700000,FEC,0,700000,5,229,1601.437009,55.929401,1526.252825,1665.020281,79.188590,3.736849,74.292873,82.613805,177.598531,7.695264,170.762104,190.291815,1312.510855,49.697614,1250.337391,1375.509282,25.153282,1.029895,23.652970,26.293145
seq00_static_700k.ply,700000,FEC1,0,700000,5,229,274.298702,2.378159,271.036532,276.699874,81.569665,0.972659,80.601052,82.907273,144.766267,1.859618,142.531375,147.062525,12.076653,0.291439,11.703581,12.391352,23.338269,1.392061,22.459212,25.799225
seq00_static_700k.ply,700000,FECunion,0,700000,5,229,252.791035,2.607191,248.846585,255.256057,82.981203,1.885630,81.001323,85.777475,142.278988,2.303119,140.417235,145.526865,7.253197,0.090626,7.171530,7.392403,3.836443,0.445293,3.501163,4.359394
seq00_static_700k.ply,700000,FEC,50,700000,5,229,1661.066825,16.033422,1640.489988,1676.553927,80.008703,1.162658,78.646803,81.845400,181.033576,7.041352,175.914032,193.414236,1370.151151,14.505759,1352.922937,1389.806230,22.977071,1.039293,21.396001,24.059959
seq00_static_700k.ply,700000,FEC1,50,700000,5,229,251.265567,4.418049,243.871081,254.895592,74.960912,1.608144,73.171448,77.328196,132.941763,2.877331,128.373874,136.287263,11.514641,0.354720,10.991572,11.894791,20.156264,0.516429,19.510281,20.809348
seq00_static_700k.ply,700000,FECunion,50,700000,5,229,225.790308,1.232307,224.504021,227.777744,74.834692,0.974473,73.483350,76.017438,127.771786,1.476025,126.812807,130.366199,6.721570,0.091049,6.626617,6.858530,3.277786,0.069251,3.210232,3.380765
seq00_static_750k.ply,750000,FEC,0,750000,5,235,1882.677725,42.658326,1809.082961,1916.066501,86.188117,2.122243,83.898042,89.446645,199.113220,4.465858,191.447830,202.830073,1563.369189,38.174149,1496.811195,1588.394351,26.860186,0.750341,25.966018,27.946090
seq00_static_750k.ply,750000,FEC1,0,750000,5,235,298.458654,5.266799,294.346333,307.329042,89.600988,2.447248,87.603377,93.798951,158.064157,1.976712,156.494012,161.414780,13.069654,0.235679,12.807689,13.433108,23.981071,0.445444,23.534402,24.597804
seq00_static_750k.ply,750000,FECunion,0,750000,5,235,266.036508,3.354592,260.338388,268.237032,87.548938,0.525567,86.916746,88.168944,150.174765,2.382174,146.142374,151.977152,7.824994,0.199313,7.534022,8.094871,3.824603,0.223070,3.553990,4.150130
seq00_static_750k.ply,750000,FEC,50,750000,5,235,1740.788049,7.185350,1730.701913,1747.617679,86.674833,3.360336,83.143115,92.050796,191.756755,4.386465,187.799827,198.242366,1430.810132,8.506427,1418.134299,1441.119868,24.463048,1.331083,23.211466,26.729457
seq00_static_750k.ply,750000,FEC1,50,750000,5,235,282.432122,2.211522,278.660212,284.234945,83.583504,0.616286,82.963268,84.561343,150.360101,1.918976,147.340910,152.436917,12.650071,0.239542,12.272246,12.860523,22.595110,0.492860,21.934271,23.075734
seq00_static_750k.ply,750000,FECunion,50,750000,5,235,251.886740,3.289351,248.975331,257.208572,82.764197,0.730861,81.624063,83.590496,143.038823,2.276851,140.871421,146.785389,7.480697,0.078485,7.368842,7.579294,3.608951,0.159168,3.475472,3.885513
seq00_static_800k.ply,800000,FEC,0,800000,5,239,2014.479852,28.305401,1989.048351,2054.907227,93.969712,1.705343,90.996331,95.322491,213.107313,3.514829,209.288133,217.883523,1668.009555,24.850540,1644.230565,1701.203723,30.999889,0.911681,30.018421,32.245669
seq00_static_800k.ply,800000,FEC1,0,800000,5,239,322.671949,3.653177,317.865364,326.878916,96.768593,1.034295,95.625362,97.952565,169.410682,2.918903,164.877436,172.399401,13.871641,0.224463,13.581513,14.133561,27.763090,1.048539,27.051380,29.600501
seq00_static_800k.ply,800000,FECunion,0,800000,5,239,286.527007,2.660840,283.456461,289.486098,94.077245,2.483745,89.747664,95.902176,161.926224,1.694464,159.439698,164.013282,8.184007,0.167761,7.934561,8.362510,3.930742,0.092585,3.769579,3.990767
seq00_static_800k.ply,800000,FEC,50,800000,5,239,1979.874194,20.763627,1957.131142,2000.034058,93.385837,3.404579,89.944277,98.061816,214.997075,7.790282,205.963248,225.132977,1634.303543,15.597026,1617.449441,1649.694419,29.170707,1.144803,27.525431,30.590250
seq00_static_800k.ply,800000,FEC1,50,800000,5,239,308.818753,1.638987,306.971515,311.297684,92.960124,1.335576,91.232245,94.525247,161.438746,1.427665,159.871026,163.669028,13.481973,0.181941,13.266218,13.706714,26.521178,0.887589,25.318122,27.700715
seq00_static_800k.ply,800000,FECunion,50,800000,5,239,280.481614,3.988196,273.780570,283.876814,92.792370,1.386068,90.850755,94.145611,157.129053,2.512588,153.444211,160.323060,8.106324,0.045230,8.043051,8.166179,3.861120,0.034632,3.815930,3.903922
seq00_static_850k.ply,850000,FEC,0,850000,5,247,2309.290919,45.867110,2243.172588,2357.215649,102.923389,3.575202,97.659503,106.345545,245.348384,25.763470,218.924859,281.132155,1920.942660,19.928591,1887.879926,1938.100986,31.160111,0.826212,30.323204,32.273563
seq00_static_850k.ply,850000,FEC1,0,850000,5,247,324.588396,4.173550,320.280743,331.311753,97.613661,2.298595,95.076401,100.698020,172.622049,1.421434,170.579173,174.250419,14.369432,0.226003,14.110135,14.605166,25.409690,0.602317,24.928351,26.334083
seq00_static_850k.ply,850000,FECunion,0,850000,5,247,298.535796,1.775898,296.318008,300.938660,97.800444,3.185642,95.141306,103.226542,170.240582,2.079850,167.613377,173.401286,8.551143,0.151213,8.327921,8.701677,4.149870,0.368654,3.944561,4.807919
seq00_static_850k.ply,850000,FEC,50,850000,5,247,2216.468018,18.961667,2187.560532,2238.605296,96.762307,1.353179,95.037459,98.747239,221.605604,5.413395,215.480454,228.624330,1863.065606,16.803775,1839.569829,1885.586802,27.184179,0.709962,26.303350,28.143291
seq00_static_850k.ply,850000,FEC1,50,850000,5,247,332.766692,11.567496,325.423154,353.110771,100.004549,2.874287,95.636922,102.954372,176.295040,7.979180,170.543900,190.380556,14.928092,0.578801,14.366343,15.904681,26.128752,0.598718,25.575637,26.820766
seq00_static_850k.ply,850000,FECunion,50,850000,5,247,297.553671,6.765341,292.279786,307.952965,98.686313,1.581256,95.878458,99.655716,168.129124,5.203367,163.734002,176.390138,8.679400,0.102946,8.596652,8.850210,4.010495,0.028143,3.961879,4.032835
seq00_static_900k.ply,900000,FEC,0,900000,5,262,2522.312396,27.516429,2506.151705,2571.206137,107.983464,2.010657,106.082843,110.443212,248.011104,5.846297,243.323892,255.345559,2129.085105,25.604692,2115.908550,2174.805564,28.832938,1.789728,27.473258,31.977320
seq00_static_900k.ply,900000,FEC1,0,900000,5,262,346.052722,2.635620,343.727433,348.951859,102.519278,1.028614,101.397423,103.687573,185.366741,2.158143,182.932047,188.327518,15.504609,0.267573,15.156839,15.798854,27.028823,0.531609,26.316125,27.671355
seq00_static_900k.ply,900000,FECunion,0,900000,5,262,316.369792,2.040712,314.612278,319.728761,103.491534,0.875834,102.675825,104.866069,181.004857,0.980679,179.832920,182.313066,9.013894,0.085041,8.900009,9.133937,4.211378,0.112112,4.128618,4.397306
seq00_static_900k.ply,900000,FEC,50,900000,5,262,2569.856532,54.449093,2501.006277,2628.208366,106.337668,3.549883,102.539032,111.977849,250.779043,6.545887,241.644871,259.229318,2174.256363,52.275734,2111.351089,2235.442500,29.916903,1.337654,28.194615,31.673654
seq00_static_900k.ply,900000,FEC1,50,900000,5,262,353.324078,8.456713,346.320993,364.621294,105.935382,1.103076,104.582294,106.914969,188.137556,6.069530,182.873801,196.293651,15.883967,0.640871,15.174910,16.599198,26.953551,0.367507,26.718272,27.597648
seq00_static_900k.ply,900000,FECunion,50,900000,5,262,315.724080,3.762268,311.256614,319.856777,103.542334,0.914055,102.470891,104.321441,180.058218,2.892719,177.230958,183.598283,9.182647,0.096121,9.083051,9.337411,4.249906,0.105078,4.113452,4.379225
seq00_static_950k.ply,950000,FEC,0,950000,5,278,2775.090979,19.292508,2752.445799,2796.717255,109.308418,1.982797,107.131402,112.113867,256.760009,3.745624,251.418661,261.009119,2368.913462,16.586572,2351.851627,2389.586169,31.250965,1.779842,29.652804,34.259397
seq00_static_950k.ply,950000,FEC1,0,950000,5,278,383.327863,4.526176,379.316677,391.037574,116.598406,0.966471,115.149847,117.411155,203.000989,3.567190,201.055222,209.346355,16.834000,0.408982,16.376516,17.266922,29.915153,0.819332,29.166071,31.245717
seq00_static_950k.ply,950000,FECunion,0,950000,5,278,361.593722,12.547882,348.522624,376.272796,116.106072,2.854971,113.511067,120.536598,208.714604,8.439372,199.220015,219.967745,10.109516,0.128834,9.927525,10.273740,4.637446,0.051710,4.559519,4.701228
seq00_static_950k.ply,950000,FEC,50,950000,5,278,2855.196475,10.831928,2842.253727,2868.802846,110.544473,3.683101,104.873054,114.596405,263.978852,8.817255,252.744707,274.775277,2440.958213,15.083538,2415.679059,2453.768960,30.665390,1.420403,28.582667,32.570802
seq00_static_950k.ply,950000,FEC1,50,950000,5,278,372.526572,4.471362,366.646067,376.491332,112.006871,1.199882,109.999885,113.215325,196.913610,3.529157,192.017913,200.090696,16.773712,0.501471,16.071902,17.251874,29.565205,0.437636,29.088738,29.989407
seq00_static_950k.ply,950000,FECunion,50,950000,5,278,326.796986,5.195699,319.160993,332.562113,110.358682,3.900995,104.253255,114.663929,183.706126,3.705119,177.991330,186.814982,9.535449,0.185055,9.215801,9.693868,4.427832,0.076810,4.323163,4.509201
seq00_static_1M.ply,1000000,FEC,0,1000000,5,286,3117.250457,34.428532,3077.075260,3162.617751,121.946463,4.988545,117.483365,129.919748,287.974513,10.572020,276.005223,303.473226,2666.003628,29.699889,2631.457128,2709.230330,31.808446,0.402289,31.313272,32.303198
seq00_static_1M.ply,1000000,FEC1,0,1000000,5,286,405.031584,6.843225,396.219063,411.954443,123.138720,1.774929,120.937557,124.914859,214.817356,4.350297,209.138792,219.279554,17.857574,0.552568,17.277139,18.614672,31.107569,0.756436,30.417505,32.108114
seq00_static_1M.ply,1000000,FECunion,0,1000000,5,286,347.327429,9.467469,335.629620,360.158605,112.254138,1.219143,110.609188,113.363305,199.408766,8.503710,188.723008,211.648008,9.899404,0.208729,9.666412,10.228589,4.711935,0.345501,4.482496,5.308852
seq00_static_1M.ply,1000000,FEC,50,1000000,5,286,3187.480300,29.064142,3137.156600,3212.425329,117.966701,3.728807,111.546998,120.880798,283.615446,6.973095,276.418834,292.370059,2744.645487,27.237199,2696.499972,2761.026773,31.756844,0.979058,30.073286,32.621375
seq00_static_1M.ply,1000000,FEC1,50,1000000,5,286,395.184276,6.078496,388.471455,401.570343,119.974777,2.389304,116.777004,122.044078,209.271515,3.669489,206.192446,213.777358,17.498826,0.314676,17.154619,17.853619,30.231699,0.641565,29.583270,31.133911
seq00_static_1M.ply,1000000,FECunion,50,1000000,5,286,359.961898,1.939363,356.933845,361.872578,121.757034,0.702940,121.085896,122.766763,201.196991,1.568194,199.492693,202.910911,10.253978,0.087435,10.109710,10.318076,4.898356,0.084727,4.789565,5.027201
seq00_static_1050k.ply,1050000,FEC,0,1050000,5,303,3435.197513,41.404179,3400.358776,3483.190500,128.198570,1.158332,127.417883,130.101734,312.635666,11.581555,298.675197,329.140786,2946.669810,32.742713,2919.798220,2990.710142,36.907178,1.844695,34.735912,39.766970
seq00_static_1050k.ply,1050000,FEC1,0,1050000,5,303,417.261542,6.711553,411.764419,428.242507,124.838100,1.543362,123.040259,127.037912,219.677562,2.360066,217.471027,223.575318,18.341849,0.809910,17.825755,19.766869,34.520862,1.499739,33.149634,36.907745
seq00_static_1050k.ply,1050000,FECunion,0,1050000,5,303,378.190980,2.122045,376.298372,381.333109,124.914867,2.066325,122.585044,128.192354,212.318641,2.706972,210.250035,217.012594,10.730297,0.097335,10.589412,10.850831,5.173754,0.276947,4.962559,5.634285
seq00_static_1050k.ply,1050000,FEC,50,1050000,5,303,3442.170603,86.340600,3357.798697,3559.999229,122.337630,5.175079,115.198365,128.333027,297.317529,6.163220,290.289546,306.085175,2977.885247,87.944213,2894.751326,3087.029472,34.623130,1.706918,32.973012,37.148941
seq00_static_1050k.ply,1050000,FEC1,50,1050000,5,303,406.166840,4.675872,401.049195,412.198707,124.725595,2.726646,121.732935,128.861677,213.323890,2.082455,211.151407,216.664637,17.764375,0.311972,17.548083,18.306912,31.715418,0.528885,31.029893,32.203274
seq00_static_1050k.ply,1050000,FECunion,50,1050000,5,303,367.363229,11.743229,351.840985,384.105774,122.754555,4.260545,116.863396,128.877786,206.843400,6.462386,198.342452,215.436047,10.602328,0.281696,10.149628,10.896212,4.939848,0.223236,4.608895,5.226409
seq00_static_1100k.ply,1100000,FEC,0,1100000,5,313,3679.933668,80.207971,3573.589205,3754.888612,130.427341,2.464173,127.582084,133.537617,317.608827,11.558500,302.091135,333.209923,3182.564858,78.310933,3090.378211,3254.961461,38.993403,1.445324,37.457008,40.651632
seq00_static_1100k.ply,1100000,FEC1,0,1100000,5,313,443.468729,20.963516,429.681222,480.447861,132.542046,2.190322,129.808173,135.149432,236.135692,14.209369,228.346576,261.453663,19.406460,1.227601,18.699630,21.584001,35.557392,2.229420,33.834416,39.344466
seq00_static_1100k.ply,1100000,FECunion,0,1100000,5,313,393.759270,4.920003,387.137419,399.713029,131.764585,1.949472,129.761579,134.628915,221.487628,2.991568,216.883275,225.200829,11.132733,0.070733,11.040648,11.215650,5.206068,0.050313,5.120710,5.252468
seq00_static_1100k.ply,1100000,FEC,50,1100000,5,313,3688.175202,40.441633,3628.845305,3741.573585,131.426177,3.831219,125.735098,134.596239,315.460578,4.189145,310.240486,320.463633,3195.402088,35.733261,3142.506361,3242.921185,35.463653,1.611724,33.131794,37.202207
seq00_static_1100k.ply,1100000,FEC1,50,1100000,5,313,417.430758,7.500081,409.021511,429.007127,128.667819,4.291039,124.938397,134.848463,219.489766,5.926253,215.112091,229.640751,18.251428,0.438303,17.884571,18.977857,32.289243,2.075944,31.024341,35.888159
seq00_static_1100k.ply,1100000,FECunion,50,1100000,5,313,404.027605,4.900425,397.501639,410.042258,134.481007,3.505646,129.882262,138.038533,228.201383,4.143837,221.208134,232.192416,11.361999,0.095707,11.272917,11.522730,5.609497,0.381004,5.295992,6.176456
seq00_static_1150k.ply,1150000,FEC,0,1150000,5,318,3962.255333,32.600604,3928.950845,4006.122731,141.709304,5.104192,136.095308,148.177018,343.306295,3.314466,338.539461,347.326548,3424.965161,32.211885,3386.724118,3463.676056,40.884366,0.881723,39.873951,41.873478
seq00_static_1150k.ply,1150000,FEC1,0,1150000,5,318,455.179818,13.827395,434.273695,468.107770,138.587329,5.695432,132.438911,144.213322,239.960540,10.591881,227.622524,253.143670,19.691156,1.097199,18.301608,20.943088,35.809099,0.977451,34.394943,36.732212
seq00_static_1150k.ply,1150000,FECunion,0,1150000,5,318,426.037436,4.022385,420.192979,429.748797,141.935964,2.578638,139.205165,145.269100,239.227637,2.281297,237.194020,242.993685,11.938832,0.176637,11.691715,12.131410,5.722488,0.381594,5.503714,6.399894
seq00_static_1150k.ply,1150000,FEC,50,1150000,5,318,4012.576346,21.609704,3984.033954,4037.984627,142.038081,3.038287,138.469041,145.974499,334.089755,6.457444,325.355308,341.945120,3484.483437,16.982978,3468.204668,3505.663227,40.304703,1.127202,38.965808,41.703723
seq00_static_1150k.ply,1150000,FEC1,50,1150000,5,318,443.710775,11.246285,432.313746,460.287140,136.726321,6.129735,130.864459,143.392923,231.517488,6.240799,223.878326,238.707914,19.130923,0.584823,18.453738,19.836530,36.015474,1.756915,34.274284,38.246160
seq00_static_1150k.ply,1150000,FECunion,50,1150000,5,318,423.360848,3.678413,416.935861,425.868125,142.892638,1.177882,141.187266,144.330657,235.282420,2.901278,230.548485,238.132973,12.083932,0.323613,11.863820,12.645537,5.611666,0.106790,5.466106,5.727792
seq00_static_1200k.ply,1200000,FEC,0,1200000,5,315,4239.539967,50.700676,4162.706388,4283.067431,148.292928,3.992101,141.743112,151.648560,368.644659,9.099206,354.439353,379.653993,3664.566353,55.207971,3581.323100,3720.964841,43.764701,1.443529,42.680272,46.224790
seq00_static_1200k.ply,1200000,FEC1,0,1200000,5,315,474.140684,10.258169,459.599097,483.047589,145.022712,3.472454,140.580861,148.665209,248.062170,7.120979,238.739962,256.331308,20.384601,0.654192,19.530646,21.306344,38.538089,1.818197,36.888808,41.545391
seq00_static_1200k.ply,1200000,FECunion,0,1200000,5,315,457.910441,10.020158,450.494827,473.898298,151.499137,1.956819,149.093793,153.840844,256.842912,7.106117,251.630402,268.931407,12.631516,0.197892,12.410712,12.876040,5.822644,0.067094,5.743618,5.916807
seq00_static_1200k.ply,1200000,FEC,50,1200000,5,315,4162.977563,109.843338,4051.496893,4295.825549,149.405029,4.602675,141.310175,152.133375,348.914882,7.220385,341.167053,356.377097,3607.700777,105.853893,3499.790820,3740.246332,45.004270,1.656933,43.188232,46.979762
seq00_static_1200k.ply,1200000,FEC1,50,1200000,5,315,478.149127,7.545741,467.751733,488.784146,145.640395,3.567638,139.310107,147.872115,250.367401,4.450931,246.349525,257.629976,20.640103,0.375421,20.257037,21.240210,39.450141,1.215572,38.050190,41.313602
seq00_static_1200k.ply,1200000,FECunion,50,1200000,5,315,434.594889,14.658149,409.132445,445.796078,147.546211,5.163685,139.044422,152.339649,240.348711,7.691257,226.623434,244.316915,12.359317,0.367851,11.835255,12.867315,5.742417,0.304914,5.377872,6.209820
seq00_static_1250k.ply,1250000,FEC,0,1250000,5,323,4726.074430,85.073109,4644.914362,4844.735145,154.119887,6.319783,149.380005,164.709282,382.492026,8.208030,371.595576,390.989852,4129.581048,81.781091,4043.486744,4240.704058,48.014832,2.141990,46.363464,51.613689
seq00_static_1250k.ply,1250000,FEC1,0,1250000,5,323,493.939184,6.989367,486.835147,504.247695,151.218458,3.033235,148.233044,155.863622,258.851627,3.203486,255.868798,264.167583,20.966610,0.417819,20.635669,21.691255,40.351642,1.713431,38.848176,43.009893
seq00_static_1250k.ply,1250000,FECunion,0,1250000,5,323,460.998345,8.843465,446.767314,470.674721,153.075963,1.793645,151.008615,155.335842,258.567873,7.475833,248.724128,265.707552,12.461958,0.057469,12.376320,12.506110,5.809696,0.037794,5.761628,5.858168
seq00_static_1250k.ply,1250000,FEC,50,1250000,5,323,4162.901121,255.566448,3946.598914,4498.686791,140.019247,8.529765,132.452386,154.416959,354.753371,21.616608,329.944781,375.143061,3612.321218,230.865208,3422.620499,3929.712857,43.033904,3.321834,40.369765,48.746381
seq00_static_1250k.ply,1250000,FEC1,50,1250000,5,323,519.036878,4.567933,513.589909,524.319209,159.960006,1.127736,158.785513,161.252188,270.432593,4.140287,265.578373,275.481724,22.404623,0.366873,21.840296,22.762463,41.980415,0.919877,41.204659,43.325863
seq00_static_1250k.ply,1250000,FECunion,50,1250000,5,323,472.178474,10.604141,461.871145,489.795230,159.707219,2.243734,156.876230,162.905555,261.601105,7.471103,255.644824,274.292591,13.251168,0.128658,13.078799,13.404628,6.366122,0.335219,6.106636,6.943876
seq00_static_1300k.ply,1300000,FEC,0,1300000,5,328,4912.147713,126.738926,4721.957851,5070.093802,170.262043,12.023780,154.754209,180.330099,401.630442,18.381875,380.239888,416.348744,4272.818915,101.261230,4120.591193,4403.697466,49.608802,2.774536,45.609524,52.864927
seq00_static_1300k.ply,1300000,FEC1,0,1300000,5,328,507.606182,5.525538,500.395797,513.241081,159.253824,5.308454,155.283267,167.737523,263.024457,4.635905,258.444782,270.595770,22.196415,1.077693,21.317829,23.520011,39.804747,1.866353,37.791990,42.875417
seq00_static_1300k.ply,1300000,FECunion,0,1300000,5,328,465.335204,3.334643,460.258081,468.395972,158.088455,2.823979,154.928267,161.744632,256.808731,2.821856,253.444403,261.218042,12.629696,0.111528,12.504538,12.769824,6.014416,0.043954,5.940604,6.048427
seq00_static_1300k.ply,1300000,FEC,50,1300000,5,328,4759.718031,89.611667,4678.582614,4912.652947,154.735416,1.360423,152.889692,156.695101,379.764012,3.492600,377.007640,385.337828,4165.975546,86.891609,4085.823036,4313.371682,45.708861,1.048359,44.683950,47.390537
seq00_static_1300k.ply,1300000,FEC1,50,1300000,5,328,509.927999,13.878855,496.913853,530.096576,159.699377,4.666086,154.030038,165.447560,262.593824,9.522274,254.616002,277.286971,21.919261,0.966611,21.084872,23.386024,41.035593,2.282500,38.614616,43.828769
seq00_static_1300k.ply,1300000,FECunion,50,1300000,5,328,460.242312,6.829165,453.540215,471.477952,156.792557,1.824333,154.714624,159.340566,254.344489,5.070842,249.339972,262.601009,12.744962,0.105284,12.573251,12.839833,6.044209,0.179197,5.927354,6.362079
seq00_static_1350k.ply,1350000,FEC,0,1350000,5,350,5183.478691,85.347556,5068.514513,5291.275306,170.615848,7.002182,162.010353,181.119620,415.034483,12.816788,402.703537,435.166258,4530.592876,72.042328,4425.867517,4606.318746,50.066258,1.787547,47.802209,52.501590
seq00_static_1350k.ply,1350000,FEC1,0,1350000,5,350,573.499827,9.671644,560.046826,585.809156,176.673129,2.685256,173.203329,180.433813,299.969622,5.418921,293.289015,306.471776,24.330596,0.651116,23.358719,25.082880,45.507530,1.188519,44.282399,46.996359
seq00_static_1350k.ply,1350000,FECunion,0,1350000,5,350,522.150749,10.901992,510.905687,536.196490,178.908708,5.158566,174.239161,187.584186,287.936926,5.734800,282.145328,294.755856,14.247009,0.169960,13.981175,14.418782,6.968474,0.290704,6.695349,7.360163
seq00_static_1350k.ply,1350000,FEC,50,1350000,5,350,5111.688285,76.683954,5058.846800,5241.373590,169.177647,8.844270,160.655732,183.324285,396.835896,8.687601,385.628057,409.553165,4483.680278,66.385440,4438.133136,4596.841806,49.122584,1.679784,47.218132,51.747951
seq00_static_1350k.ply,1350000,FEC1,50,1350000,5,350,553.318379,10.499785,544.777567,569.904722,174.375734,2.087715,172.072024,177.211623,285.953952,7.918097,279.955548,299.387745,23.336833,0.602198,22.827718,24.337049,45.179780,3.053470,42.933047,50.420307
seq00_static_1350k.ply,1350000,FECunion,50,1350000,5,350,505.405076,3.086258,503.665808,510.890979,176.797235,4.515745,171.819532,183.497844,277.040107,1.813881,275.022349,279.694676,13.821538,0.223093,13.568439,14.159628,6.670167,0.244384,6.491276,7.097622
seq00_static_1400k.ply,1400000,FEC,0,1400000,5,360,5411.925868,98.103885,5280.447421,5551.593513,173.664900,6.739444,167.328340,184.382195,420.473144,9.827108,412.720423,437.128172,4748.764322,91.709915,4631.045999,4886.981123,50.158704,3.181276,45.174180,53.711419
seq00_static_1400k.ply,1400000,FEC1,0,1400000,5,360,545.281807,8.340288,537.312903,559.209982,166.639840,2.202970,163.077042,168.170432,284.367123,6.173299,280.201471,294.963212,23.320676,0.878088,22.664518,24.838287,45.054004,2.069117,43.090241,47.664356
seq00_static_1400k.ply,1400000,FECunion,0,1400000,5,360,539.525656,1.446541,537.410375,541.231257,183.246422,3.936118,179.506463,189.537438,298.448902,3.677150,292.240335,301.996175,14.966362,0.185127,14.775423,15.267292,6.851869,0.049677,6.815995,6.938111
seq00_static_1400k.ply,1400000,FEC,50,1400000,5,360,5427.046867,157.349039,5256.756738,5670.956698,173.311943,8.106405,164.794664,184.368709,427.535167,13.285912,413.187727,443.713295,4754.422628,138.687106,4603.559370,4967.237205,51.554182,2.365077,48.948320,55.215424
seq00_static_1400k.ply,1400000,FEC1,50,1400000,5,360,545.437949,6.211215,538.181293,554.349874,167.430162,1.495128,164.819009,168.293497,281.988859,4.423057,275.230909,287.194369,23.666541,0.356401,23.251893,24.224709,44.690003,1.245062,43.662067,46.777771
seq00_static_1400k.ply,1400000,FECunion,50,1400000,5,360,492.249112,5.433867,485.696408,497.762169,167.612510,4.041499,163.677910,172.604625,269.635844,3.169652,266.218499,274.358546,13.688825,0.116985,13.516259,13.830794,6.433156,0.067800,6.345684,6.519732
seq00_static_1450k.ply,1450000,FEC,0,1450000,5,371,6009.350377,129.323529,5847.663757,6149.978037,180.564218,5.602375,172.274787,187.772979,460.201894,3.920472,454.094504,464.109018,5293.861055,124.634577,5143.606581,5435.437883,55.138479,1.270711,53.580869,56.978336
seq00_static_1450k.ply,1450000,FEC1,0,1450000,5,371,565.982709,5.907014,558.957055,572.251572,171.530715,2.734259,168.733926,175.405780,295.833946,6.160542,291.113241,305.515976,24.104576,0.391160,23.734406,24.535514,47.525333,3.055196,44.765360,50.854066
seq00_static_1450k.ply,1450000,FECunion,0,1450000,5,371,507.709353,9.822263,498.990879,519.708013,171.543095,3.201116,167.128511,175.425236,282.825136,8.261548,274.680875,294.416514,14.038469,0.057805,13.973396,14.119259,6.720539,0.368184,6.488687,7.366357
seq00_static_1450k.ply,1450000,FEC,50,1450000,5,371,6023.197589,117.391844,5901.893495,6191.326383,182.418628,11.801239,167.032013,198.551904,447.471627,20.266300,421.238008,475.844969,5322.892494,92.858945,5239.230060,5464.556021,55.364446,2.523174,52.721852,58.616739
seq00_static_1450k.ply,1450000,FEC1,50,1450000,5,371,608.146610,10.292743,596.083424,620.315227,187.902463,1.489904,185.835172,189.320683,314.577623,4.325312,309.115859,319.210593,25.989316,0.450562,25.350367,26.467878,51.101577,4.464447,46.967535,56.114281
seq00_static_1450k.ply,1450000,FECunion,50,1450000,5,371,549.566914,7.005817,540.035211,556.963449,187.848637,4.196170,184.090155,194.598404,302.225234,3.608036,298.150892,307.237800,15.314824,0.070321,15.192326,15.362182,7.119692,0.048423,7.054282,7.178059
seq00_static_1500k.ply,1500000,FEC,0,1500000,5,379,6365.849858,104.989959,6255.115182,6539.476614,190.084766,7.043264,184.070654,201.244612,474.629377,14.102864,458.691297,491.087456,5620.096273,105.179403,5504.244626,5791.280068,56.281434,0.703001,55.509721,57.368782
seq00_static_1500k.ply,1500000,FEC1,0,1500000,5,379,607.422644,4.694213,603.166937,613.985049,186.811616,0.778497,186.120806,188.032434,314.923533,2.171481,311.667883,317.468186,26.105757,0.259777,25.793860,26.376105,50.320579,3.930215,47.157746,56.111203
seq00_static_1500k.ply,1500000,FECunion,0,1500000,5,379,551.834362,5.795044,546.335613,560.264289,187.429747,2.346962,184.591190,190.206715,305.457294,4.983738,298.815012,312.027765,15.065937,0.044773,15.002639,15.122849,7.249373,0.230314,7.119041,7.660106
seq00_static_1500k.ply,1500000,FEC,50,1500000,5,379,6256.173368,88.520692,6157.450853,6337.277207,184.906604,2.754153,180.979510,188.710523,465.009504,7.085398,456.635194,473.781067,5542.133675,80.436542,5451.071677,5616.824100,49.121742,1.406940,46.922251,50.415565
seq00_static_1500k.ply,1500000,FEC1,50,1500000,5,379,588.715736,8.712069,573.322790,594.277401,181.233912,4.122078,175.747608,184.687185,308.809319,6.947967,298.552669,318.039318,25.632965,0.831863,24.387493,26.691074,45.602942,1.108911,43.852789,46.649837
seq00_static_1500k.ply,1500000,FECunion,50,1500000,5,379,525.395382,4.370618,522.397381,532.781880,179.688613,1.172117,178.332666,181.335278,292.521251,3.758483,288.620947,298.393048,14.927966,0.130673,14.719465,15.062705,6.944987,0.052858,6.881509,7.019361
seq00_static_1550k.ply,1550000,FEC,0,1550000,5,400,6798.929624,219.031467,6573.554302,7042.712060,188.908576,3.146827,185.510563,193.309168,487.951691,10.309082,475.508112,501.454177,6038.940789,213.208819,5824.071887,6282.626288,58.589475,2.080175,56.647080,61.659335
seq00_static_1550k.ply,1550000,FEC1,0,1550000,5,400,666.974852,9.217414,657.730451,679.197876,204.349588,4.888406,198.926147,208.720613,347.257995,8.035510,337.700690,355.360323,28.998640,0.830867,27.873507,29.859844,54.261054,2.905140,52.423424,59.397604
seq00_static_1550k.ply,1550000,FECunion,0,1550000,5,400,586.169977,10.387971,579.033978,603.581602,198.351609,3.027661,196.123559,203.300857,325.218394,7.384344,320.510895,338.298793,16.342931,0.356023,15.992009,16.868665,7.892783,0.289421,7.646160,8.294872
seq00_static_1550k.ply,1550000,FEC,50,1550000,5,400,6630.104204,88.856207,6553.428473,6777.282519,192.361708,3.838809,186.549193,196.525257,486.316392,7.575006,480.665123,499.246481,5879.680016,85.830180,5808.174505,6021.477041,52.602704,4.045583,49.938407,59.589948
seq00_static_1550k.ply,1550000,FEC1,50,1550000,5,400,628.789515,15.375561,612.141830,644.204795,192.511183,7.384447,183.313857,199.639219,327.781847,6.933247,320.559714,335.679956,27.739544,0.636495,26.890439,28.428412,50.497633,1.737488,47.764112,51.987563
seq00_static_1550k.ply,1550000,FECunion,50,1550000,5,400,571.442326,25.207180,537.306446,592.755285,191.910492,10.116887,178.621715,200.303164,320.045107,13.304614,298.695551,330.992426,15.785529,0.599495,15.123707,16.335715,7.542405,0.563510,6.976025,8.286094
seq00_static_1600k.ply,1600000,FEC,0,1600000,5,417,7252.898947,88.259920,7121.265412,7332.757781,200.229338,8.066966,191.052498,211.681552,517.580316,8.772277,503.564333,525.580363,6445.575135,94.953459,6292.613612,6524.619760,59.862337,1.559936,57.775366,61.749518
seq00_static_1600k.ply,1600000,FEC1,0,1600000,5,417,704.130374,31.771089,676.886302,751.150626,214.334183,19.052509,198.916669,246.908697,366.606893,19.836564,348.626541,400.551367,30.782519,2.700622,28.534497,35.482149,57.746921,10.316886,49.013364,74.525360
seq00_static_1600k.ply,1600000,FECunion,0,1600000,5,417,591.369373,15.477760,568.359620,610.677201,201.806766,5.691704,195.778217,209.396453,325.319007,6.873546,313.106778,329.572561,16.130904,0.495920,15.471670,16.600301,7.558075,0.150130,7.315441,7.661681
seq00_static_1600k.ply,1600000,FEC,50,1600000,5,417,7153.486603,109.510741,6982.356448,7267.823972,194.786094,1.965037,192.791198,197.985873,500.131759,3.140049,496.945856,503.527828,6391.579803,106.459396,6226.269107,6503.329040,51.197778,1.727307,49.464340,54.068163
seq00_static_1600k.ply,1600000,FEC1,50,1600000,5,417,628.155327,22.665935,605.081021,654.231337,196.874480,8.501423,187.209870,207.573178,326.283000,12.441344,312.371823,338.659668,26.992043,0.804937,26.023017,27.990474,48.786579,0.987264,47.947533,50.283279
seq00_static_1600k.ply,1600000,FECunion,50,1600000,5,417,571.293941,15.246064,555.299529,589.212226,196.427977,6.207402,189.112698,203.128756,317.061470,8.715160,308.047174,325.796658,15.817659,0.640506,15.189624,16.526137,7.635910,0.719024,7.118507,8.811055
seq00_static_1650k.ply,1650000,FEC,0,1650000,5,422,7632.518192,116.921066,7469.090928,7759.891544,212.457487,9.406117,198.733089,222.840344,521.711105,6.075235,513.957104,530.495150,6815.688517,115.053820,6655.690545,6950.706984,62.124224,2.002574,60.048502,64.663018
seq00_static_1650k.ply,1650000,FEC1,0,1650000,5,422,688.996903,8.736808,675.875336,696.704880,218.516863,4.093628,212.629588,223.504648,351.692103,3.770765,347.189304,355.217482,29.082192,0.335194,28.649224,29.497103,57.492651,3.157755,54.326227,61.147974
seq00_static_1650k.ply,1650000,FECunion,0,1650000,5,422,592.436704,6.523491,584.385731,599.733313,207.177447,5.992365,198.393385,215.170656,322.781640,2.041434,319.568447,324.634663,16.102568,0.232353,15.841850,16.369737,7.590963,0.315549,7.368790,8.145980
seq00_static_1650k.ply,1650000,FEC,50,1650000,5,422,7836.052364,82.489501,7758.441041,7956.840360,208.153853,11.422282,199.594024,221.220862,523.843354,8.797809,514.737403,534.614888,7033.389881,63.777112,6973.246401,7127.374721,54.595899,4.079978,50.133079,60.283857
seq00_static_1650k.ply,1650000,FEC1,50,1650000,5,422,644.098157,19.814807,625.386143,674.871233,205.193429,10.288194,196.880693,219.476696,332.261240,10.599886,323.749692,343.924552,27.534199,0.911486,26.643152,28.754249,50.425341,2.079861,49.047422,54.064083
seq00_static_1650k.ply,1650000,FECunion,50,1650000,5,422,607.789670,11.443239,589.084815,616.665260,212.977238,7.429160,200.802563,219.288993,334.275829,3.970976,328.291825,339.169689,17.152103,0.235284,16.835355,17.446498,8.384594,0.377442,8.100796,9.041419
seq00_static_1700k.ply,1700000,FEC,0,1700000,5,433,8240.634815,93.389470,8138.173994,8384.891200,226.777583,2.777541,222.725239,229.939226,549.462426,6.184175,540.095993,557.343564,7377.066636,93.996877,7274.871226,7521.542360,66.502043,0.958662,65.838279,68.162692
seq00_static_1700k.ply,1700000,FEC1,0,1700000,5,433,707.606301,12.307979,691.381505,724.932839,221.673542,6.589143,210.772342,226.851907,367.000221,12.260469,353.462331,386.799663,30.159979,1.375441,28.719982,32.350767,55.951054,2.820117,51.468423,59.193509
seq00_static_1700k.ply,1700000,FECunion,0,1700000,5,433,629.737842,17.036598,613.571330,655.704817,220.059303,4.984992,214.739761,226.751683,340.024921,9.849210,327.667450,351.770865,16.880310,0.413674,16.374790,17.289967,8.580137,0.807771,7.656968,9.358029
seq00_static_1700k.ply,1700000,FEC,50,1700000,5,433,8105.959300,22.570947,8076.492181,8133.833611,221.504882,3.404852,217.103130,226.600784,540.913807,5.689719,532.098326,547.746126,7260.393882,23.164537,7221.795548,7283.401138,59.558899,4.544766,55.442574,67.336829
seq00_static_1700k.ply,1700000,FEC1,50,1700000,5,433,690.679277,17.715572,670.048433,712.432604,215.545651,8.816223,202.678238,227.363047,359.355340,9.726240,351.761412,375.182196,29.674125,1.072232,28.768035,31.123435,54.921446,1.030472,54.011003,56.587264
seq00_static_1700k.ply,1700000,FECunion,50,1700000,5,433,603.197268,17.884651,584.312062,623.033966,212.384130,5.511980,206.823474,219.731480,330.794415,10.614997,319.393291,341.346036,17.049802,0.559606,16.412698,17.642831,8.006857,0.296852,7.684359,8.280313
seq00_static_1750k.ply,1750000,FEC,0,1750000,5,445,8742.422156,127.041890,8537.098789,8884.320032,225.966608,5.367153,218.390239,231.894080,563.254171,16.551832,541.619047,585.749043,7855.721909,129.926408,7645.782914,8002.758463,65.713413,1.954285,63.528623,67.571659
seq00_static_1750k.ply,1750000,FEC1,0,1750000,5,445,707.798521,5.744915,703.532009,717.105038,222.990586,2.739714,220.277656,226.362382,362.417632,5.086226,357.743179,370.282288,30.228565,0.832665,29.449096,31.130978,59.250939,3.429821,56.073359,63.825434
seq00_static_1750k.ply,1750000,FECunion,0,1750000,5,445,638.800025,13.257776,628.070473,661.196261,221.271725,6.054533,213.360507,226.935327,348.828554,11.578468,335.422205,364.303457,17.268582,0.300190,16.925031,17.623589,8.044513,0.216460,7.860894,8.408865
seq00_static_1750k.ply,1750000,FEC,50,1750000,5,445,8789.432252,88.879380,8637.037719,8868.214336,231.963180,5.483830,224.193727,238.455539,561.478239,5.166015,557.304083,569.978842,7914.369430,81.616502,7772.719037,7981.899990,58.234747,2.620054,54.956349,61.914544
seq00_static_1750k.ply,1750000,FEC1,50,1750000,5,445,686.031515,6.149080,677.650228,692.767472,217.284283,2.799437,213.945923,220.070938,354.327819,5.806248,348.686480,362.885196,29.519322,0.437688,29.060544,30.087061,53.020300,1.266351,51.586093,54.477797
seq00_static_1750k.ply,1750000,FECunion,50,1750000,5,445,577.441007,19.975983,557.137490,610.110597,204.441962,11.022756,196.392606,223.875336,315.150108,8.529793,304.673105,326.507640,15.703967,0.161706,15.483639,15.879344,7.347918,0.128894,7.179214,7.491849
seq00_static_1800k.ply,1800000,FEC,0,1800000,5,464,9307.734688,291.986575,8924.407046,9659.683596,232.959080,15.576588,206.514136,243.826436,570.588590,21.655540,547.785936,602.722016,8398.101823,261.595888,8063.758511,8709.089531,69.957553,2.974959,66.358084,73.280425
seq00_static_1800k.ply,1800000,FEC1,0,1800000,5,464,722.886851,7.035016,710.416946,727.443207,227.293840,5.805218,221.458229,236.764049,370.683153,4.850113,364.197107,377.707603,30.636521,0.659075,29.808297,31.317468,61.190812,4.564250,56.247904,66.839731
seq00_static_1800k.ply,1800000,FECunion,0,1800000,5,464,673.141311,9.973950,657.023102,682.057866,233.507589,6.704714,225.802508,241.130454,369.017209,10.552786,353.732038,381.374034,18.122967,0.375996,17.841006,18.779915,8.529498,0.175509,8.345860,8.713222
seq00_static_1800k.ply,1800000,FEC,50,1800000,5,464,9277.645513,113.965743,9151.263656,9425.297883,235.727772,7.464779,224.401834,242.845372,581.483825,8.521739,567.863446,591.178498,8365.116368,106.971356,8242.017116,8502.130232,68.836375,3.187829,63.825908,71.907076
seq00_static_1800k.ply,1800000,FEC1,50,1800000,5,464,726.835189,7.027785,720.961211,738.604409,234.447329,3.809661,229.348216,239.180440,367.465726,4.317632,362.871510,373.222057,30.290465,0.498237,29.754577,31.084811,61.753031,3.766832,57.671374,66.749308
seq00_static_1800k.ply,1800000,FECunion,50,1800000,5,464,651.587109,6.495798,645.960110,659.695532,236.058580,4.286505,231.995836,241.900104,346.733770,3.964290,340.684790,351.691203,17.957607,0.149170,17.781326,18.106850,8.593676,0.297681,8.440495,9.124889
seq00_static_1850k.ply,1850000,FEC,0,1850000,5,479,9633.379194,68.170016,9527.106060,9709.369941,239.975446,2.611435,235.614505,242.380005,598.827199,4.129868,594.193787,603.811502,8691.562270,62.721214,8597.678167,8767.177226,72.608863,1.202293,70.924215,74.145689
seq00_static_1850k.ply,1850000,FEC1,0,1850000,5,479,774.308557,6.243578,768.024162,782.960854,245.130545,3.593276,240.316052,248.624466,396.252424,5.549639,389.319775,404.256224,32.621205,0.742469,31.763440,33.630683,64.590476,1.848167,62.177524,67.282699
seq00_static_1850k.ply,1850000,FECunion,0,1850000,5,479,690.934549,23.451697,663.522041,711.744482,237.547603,10.475343,225.884173,250.809116,380.531682,10.839550,367.023326,391.023395,18.780765,0.506398,17.981927,19.258109,8.878374,0.276310,8.425726,9.146182
seq00_static_1850k.ply,1850000,FEC,50,1850000,5,479,9861.781491,144.828537,9669.452666,10010.123397,245.083292,8.536442,236.904439,258.022790,603.111361,8.693577,589.444828,613.630230,8912.275691,139.416699,8717.699250,9061.662753,72.046782,2.085317,69.467099,74.636580
seq00_static_1850k.ply,1850000,FEC1,50,1850000,5,479,755.128184,5.119112,747.352948,759.949827,244.420403,4.671090,240.753354,252.583681,381.661406,4.492299,378.265236,388.741274,31.624158,0.846109,30.988968,32.784905,63.112347,4.028738,59.297815,67.928862
seq00_static_1850k.ply,1850000,FECunion,50,1850000,5,479,680.882702,8.134170,671.197963,693.706817,240.998010,2.412209,238.429044,244.832003,366.833734,9.447408,357.036881,379.244862,18.631172,0.254598,18.353475,18.999064,8.886809,0.184735,8.561763,9.001427
seq00_static_1900k.ply,1900000,FEC,0,1900000,5,492,10284.520536,121.112245,10189.768738,10489.463030,246.481900,4.648947,239.514029,251.017991,616.906422,19.652048,594.315864,635.312647,9317.797373,125.743714,9210.139469,9529.622929,72.184954,1.426102,70.693943,74.083084
seq00_static_1900k.ply,1900000,FEC1,0,1900000,5,492,768.959064,27.563205,739.725764,801.226907,245.975276,9.940219,233.829715,255.454414,390.561803,13.736329,374.846960,405.448719,32.049093,1.107740,30.622559,33.144323,65.223246,6.585771,58.612895,72.904857
seq00_static_1900k.ply,1900000,FECunion,0,1900000,5,492,731.497172,21.210358,704.528246,761.805761,258.139904,7.039664,251.039010,268.147838,398.551871,13.437672,378.251313,415.973005,19.981714,0.466870,19.192350,20.425635,9.281430,0.359246,8.661881,9.586362
seq00_static_1900k.ply,1900000,FEC,50,1900000,5,492,10346.699193,133.659609,10246.545245,10579.535550,251.553609,11.174891,236.930607,265.307876,625.790551,3.021101,621.210721,628.281379,9375.106371,128.586619,9262.101055,9595.611453,73.056824,2.681866,69.690243,75.603012
seq00_static_1900k.ply,1900000,FEC1,50,1900000,5,492,775.666788,25.678238,733.306304,803.367923,246.946708,7.854897,238.980406,258.115955,395.336526,17.761579,369.976560,417.158069,33.389401,2.405547,30.769147,37.001382,64.069067,3.854342,59.932642,67.956525
seq00_static_1900k.ply,1900000,FECunion,50,1900000,5,492,712.511541,11.390288,694.310023,722.077546,254.922175,3.535565,251.032472,259.051748,383.710700,7.489552,370.890882,389.125485,19.791961,0.587877,18.758117,20.209218,9.530673,0.473197,8.819081,10.088963
seq00_static_1950k.ply,1950000,FEC,0,1950000,5,505,11078.809227,182.159545,10934.794108,11397.340825,257.941273,13.968625,243.963981,276.576421,651.271830,18.321784,623.221002,671.218175,10060.025845,167.764809,9940.903899,10353.675771,77.672211,2.842438,72.953933,80.329801
seq00_static_1950k.ply,1950000,FEC1,0,1950000,5,505,785.241574,24.057022,759.046031,824.518479,247.617147,9.291663,240.138283,259.549184,401.360365,14.951887,384.015075,423.949790,33.038924,1.455211,31.519329,35.082284,67.788010,3.972179,62.143354,72.467835
seq00_static_1950k.ply,1950000,FECunion,0,1950000,5,505,723.375060,25.245015,694.397437,754.346041,257.113969,11.867686,243.995617,269.422471,392.652341,16.564310,373.321235,410.687535,19.493993,0.929165,18.739322,20.705955,9.300797,0.419510,8.853953,9.701380
seq00_static_1950k.ply,1950000,FEC,50,1950000,5,505,11082.625701,141.954497,10947.723769,11312.610271,252.135722,9.142997,244.675816,264.101287,658.114162,3.444151,653.531722,662.415577,10072.459640,129.749032,9941.595733,10281.203823,75.181365,3.535260,71.591959,79.813165
seq00_static_1950k.ply,1950000,FEC1,50,1950000,5,505,793.133346,21.747529,758.276119,815.732108,254.651107,8.714818,245.806581,264.106390,401.685926,10.667065,383.465409,411.204633,33.545956,0.953763,31.961839,34.478360,66.969581,3.094224,62.543580,70.156109
seq00_static_1950k.ply,1950000,FECunion,50,1950000,5,505,704.033680,18.798333,690.941334,736.029599,256.900163,6.549330,249.799667,263.601585,374.667249,12.947873,363.885583,397.017282,19.244367,0.697677,18.821231,20.481826,9.265401,0.330163,8.962412,9.692719
seq00_static_2M.ply,2000000,FEC,0,2000000,5,508,11544.444926,151.701023,11326.224158,11733.786694,258.323839,10.362500,241.385107,267.366717,677.543797,24.461817,638.538675,697.972166,10500.684518,142.789621,10292.211513,10678.378839,76.691444,4.467821,70.730765,81.113442
seq00_static_2M.ply,2000000,FEC1,0,2000000,5,508,782.601387,23.876917,767.439325,824.595163,246.910155,9.591574,240.228869,263.853684,402.392985,12.688951,392.481090,424.549558,32.857936,1.346379,31.601592,35.070433,65.335025,3.591592,62.004014,69.770629
seq00_static_2M.ply,2000000,FECunion,0,2000000,5,508,770.017548,3.586860,764.557206,773.059501,266.956999,4.014751,261.627326,271.791216,422.766325,4.773109,418.567942,429.441527,21.307769,0.300022,20.874866,21.666843,10.240215,0.288574,9.874942,10.614262
seq00_static_2M.ply,2000000,FEC,50,2000000,5,508,11364.779547,172.128465,11074.500186,11536.717750,264.431073,3.969541,259.206019,267.624362,664.520525,14.514833,642.070336,679.110368,10333.685499,155.681980,10076.841905,10501.432089,78.563951,2.995553,73.945266,81.197808
seq00_static_2M.ply,2000000,FEC1,50,2000000,5,508,781.694892,15.000779,769.061167,807.470777,257.209752,10.607921,248.427284,273.698901,392.687522,5.548425,387.040470,401.465467,32.409518,0.556394,31.788215,33.248751,64.877640,2.878860,62.759145,69.895356
seq00_static_2M.ply,2000000,FECunion,50,2000000,5,508,707.653643,9.235573,697.813514,719.943414,250.033713,3.015944,244.720234,252.105874,384.289316,5.951311,376.484406,392.228667,19.547354,0.241763,19.183257,19.803837,9.310876,0.178252,9.122187,9.504411
seq00_static_2050k.ply,2050000,FEC,0,2050000,5,520,11952.791567,147.968835,11763.918452,12164.329796,262.862330,14.747639,246.253396,282.429387,707.864555,17.121910,682.655265,725.059839,10868.330230,128.615360,10726.606627,11074.259841,77.374512,1.956785,74.596875,79.810139
seq00_static_2050k.ply,2050000,FEC1,0,2050000,5,520,860.281683,21.805066,824.154170,881.834211,274.491593,5.297423,270.140916,282.211746,438.269656,14.241428,413.972627,451.446187,35.852703,1.477858,33.616440,37.765211,72.358458,3.742931,69.265286,78.829510
seq00_static_2050k.ply,2050000,FECunion,0,2050000,5,520,746.037233,5.388726,740.868174,753.809246,257.244521,2.978666,255.188234,262.301473,409.940674,7.341268,399.832619,419.028200,20.352819,0.154449,20.123755,20.522255,9.720142,0.259655,9.501932,10.160728
seq00_static_2050k.ply,2050000,FEC,50,2050000,5,520,12112.601670,255.233516,11800.865083,12446.807083,269.383592,6.783531,263.503441,281.073361,705.453495,12.533801,691.934557,724.336813,11032.584945,245.202214,10740.232454,11354.982300,78.247623,2.682186,75.305784,81.562809
seq00_static_2050k.ply,2050000,FEC1,50,2050000,5,520,838.009643,9.658484,829.376891,849.128174,272.426211,5.008001,268.735539,280.711554,422.987447,6.471113,413.529318,431.469786,34.993967,1.060821,33.586343,36.495695,69.823187,2.822471,67.628707,74.768892
seq00_static_2050k.ply,2050000,FECunion,50,2050000,5,520,750.119473,4.599536,742.876965,754.568486,271.951188,4.876621,268.490782,280.499031,400.875454,4.564020,395.415057,406.494476,20.651413,0.160062,20.484306,20.834960,9.649181,0.035420,9.604487,9.688600
seq00_static_2100k.ply,2100000,FEC,0,2100000,5,539,12846.663070,66.114276,12763.629863,12917.494259,272.794519,4.126353,268.999289,279.755567,734.655487,14.994907,710.948259,748.771257,11725.459757,67.567739,11649.909647,11788.862192,79.755511,1.497233,78.197040,81.634016
seq00_static_2100k.ply,2100000,FEC1,0,2100000,5,539,860.685760,3.309606,856.865842,864.926921,273.532328,3.505543,267.484650,276.009695,439.393441,3.851880,433.978679,443.501143,36.008694,0.361556,35.638540,36.507087,71.597615,4.447497,67.531904,76.629012
seq00_static_2100k.ply,2100000,FECunion,0,2100000,5,539,788.858924,4.148493,785.152135,793.969102,274.901273,5.938774,266.782482,283.451748,432.257496,3.419942,428.678128,436.217749,21.391489,0.166012,21.108619,21.538008,10.045847,0.134984,9.952385,10.281661
seq00_static_2100k.ply,2100000,FEC,50,2100000,5,539,12548.214476,143.173237,12354.635806,12689.653291,281.401640,6.367785,274.798419,289.740197,721.344108,18.065166,695.917448,744.158172,11434.477875,127.946537,11273.002100,11580.049513,80.001511,1.022474,78.905116,81.621447
seq00_static_2100k.ply,2100000,FEC1,50,2100000,5,539,851.502403,4.158386,846.298260,855.498132,277.792281,3.207889,273.953890,281.631723,428.405160,6.770383,419.643636,435.309670,35.485283,0.927900,34.605822,36.493467,70.999795,3.929577,67.804410,75.355356
seq00_static_2100k.ply,2100000,FECunion,50,2100000,5,539,783.619741,12.178632,762.634367,792.788266,278.842647,2.543872,275.149219,282.172173,422.129548,8.760197,409.548215,432.482364,21.189971,0.212609,20.840146,21.341671,10.213434,0.226475,10.014591,10.567166
seq00_static_2150k.ply,2150000,FEC,0,2150000,5,552,13527.250522,197.919274,13260.048176,13807.053002,273.142566,7.479654,265.909128,285.517326,756.352651,8.169354,743.329546,765.376960,12380.096428,194.319656,12124.354369,12659.472870,81.760402,3.072415,77.837421,85.014565
seq00_static_2150k.ply,2150000,FEC1,0,2150000,5,552,877.293806,11.276890,863.027547,890.652548,275.598130,4.862016,271.923498,282.507611,450.179879,4.202183,444.362567,455.206859,37.196839,0.629105,36.471175,37.712217,72.646655,4.293129,69.198806,78.821462
seq00_static_2150k.ply,2150000,FECunion,0,2150000,5,552,787.058781,4.807053,781.086343,792.643465,277.905911,6.712861,269.223362,285.416232,427.376102,6.403655,419.967011,436.047494,21.287108,0.109136,21.170802,21.467208,10.700326,0.535455,10.306272,11.600543
seq00_static_2150k.ply,2150000,FEC,50,2150000,5,552,13150.690567,168.835145,12946.820275,13319.490530,271.236906,15.984663,244.018913,285.313749,731.579819,22.244712,703.361180,750.152780,12043.145147,133.159634,11895.089929,12185.626862,79.272425,4.506744,71.819253,82.867488
seq00_static_2150k.ply,2150000,FEC1,50,2150000,5,552,908.143154,15.846134,889.745488,922.571997,295.215037,8.034465,283.963206,303.223971,457.055158,4.779166,451.449634,463.912567,37.795427,0.579943,37.299359,38.772420,76.636530,4.559125,71.907445,82.828348
seq00_static_2150k.ply,2150000,FECunion,50,2150000,5,552,811.925057,31.080575,774.840946,843.085426,286.915600,11.028986,269.482445,294.964978,440.784969,18.572942,414.098930,459.737035,22.173015,0.842726,21.181933,22.987790,10.691862,0.452197,10.073006,11.169147
seq00_static_2200k.ply,2200000,FEC,0,2200000,5,583,14120.420632,75.132161,14052.761994,14225.778428,279.172412,14.896731,264.088612,303.778753,761.678882,38.233896,697.308689,793.151741,12957.287845,88.392621,12855.206511,13059.954742,84.654115,2.188723,82.519760,88.317883
seq00_static_2200k.ply,2200000,FEC1,0,2200000,5,583,946.405537,10.232788,932.405250,958.838177,295.199523,6.024968,288.794332,304.821262,488.640898,8.431249,477.977057,500.437513,40.072456,0.872466,39.064617,41.408464,78.525750,2.805496,76.658063,83.501594
seq00_static_2200k.ply,2200000,FECunion,0,2200000,5,583,815.890056,15.887210,789.132985,829.124795,286.560218,4.599979,280.832285,291.865985,445.288890,11.555068,427.497861,459.129297,22.074277,0.355635,21.514964,22.463044,10.670636,0.333267,10.348934,11.136744
seq00_static_2200k.ply,2200000,FEC,50,2200000,5,583,14043.014013,317.085423,13691.308027,14352.574260,299.176118,17.646051,284.324106,328.169185,773.265533,8.752990,764.561064,783.885857,12858.551049,307.440171,12533.884015,13180.373574,85.544409,2.672872,82.734372,89.414370
seq00_static_2200k.ply,2200000,FEC1,50,2200000,5,583,900.296227,16.151307,883.022640,924.874998,290.118618,4.813433,283.592047,296.218098,453.971705,6.194351,449.809799,464.911501,37.751433,0.789633,36.987669,39.091350,77.284571,5.245660,71.357851,83.010554
seq00_static_2200k.ply,2200000,FECunion,50,2200000,5,583,813.899416,12.326474,798.803219,824.667125,288.425522,5.154801,283.154976,295.070186,440.206246,8.992366,430.481827,451.678315,22.161639,0.121533,21.959714,22.262458,11.253646,0.787001,10.547082,12.208498
seq00_static_2250k.ply,2250000,FEC,0,2250000,5,583,14913.640616,163.017546,14743.843703,15112.426610,292.616967,7.273131,284.429791,300.858785,816.053506,12.610290,804.313842,833.652664,13673.761404,162.002090,13502.987593,13888.191605,89.310683,1.892974,87.325043,92.232471
seq00_static_2250k.ply,2250000,FEC1,0,2250000,5,583,971.930417,15.704280,954.520234,992.586942,298.834359,6.695450,288.357518,306.719819,504.767946,14.032379,489.794296,522.943301,42.078167,1.707590,40.455679,44.476751,80.620315,4.613106,77.868971,88.768787
seq00_static_2250k.ply,2250000,FECunion,0,2250000,5,583,837.870723,21.725503,817.821159,874.707749,288.383133,11.291218,280.406315,305.779414,461.567054,10.061085,450.094923,476.986575,22.625586,0.747619,21.841348,23.731429,11.044330,0.836842,10.331959,12.185237
seq00_static_2250k.ply,2250000,FEC,50,2250000,5,583,14777.723584,152.266530,14648.132420,15011.595503,296.755071,9.079081,288.857459,311.674475,815.532441,11.427588,805.864776,828.114261,13548.514143,144.667006,13417.178559,13771.032710,88.754742,2.522631,85.150252,91.172573
seq00_static_2250k.ply,2250000,FEC1,50,2250000,5,583,929.835115,7.852643,919.783057,938.775644,304.528834,6.485481,295.486612,312.674165,465.392885,5.208287,456.575581,469.338894,38.588961,0.567988,37.784813,39.198093,78.635012,4.325434,74.124144,85.483079
seq00_static_2250k.ply,2250000,FECunion,50,2250000,5,583,849.711772,31.725817,813.897878,875.304607,306.715323,11.553094,288.872530,316.134656,454.040284,17.933222,429.969325,469.245720,23.166944,0.908761,22.127461,24.079552,11.339824,0.623056,10.534196,12.282836
seq00_static_2300k.ply,2300000,FEC,0,2300000,5,588,15568.152958,304.168575,15208.860721,15903.931462,301.688239,15.746372,283.580193,322.071549,860.163050,23.447713,821.635378,885.539297,14269.356260,294.645046,13927.118055,14582.388426,90.486943,3.344399,87.322027,94.948883
seq00_static_2300k.ply,2300000,FEC1,0,2300000,5,588,954.401594,28.618462,922.693831,985.136319,301.533377,13.828872,283.123376,320.698982,489.093615,16.197505,470.192826,504.692049,40.189697,1.233423,38.813647,41.413714,79.190702,4.940234,73.923320,85.588606
seq00_static_2300k.ply,2300000,FECunion,0,2300000,5,588,894.429855,6.557538,887.676033,902.066710,311.411887,8.140364,303.173180,322.241236,487.645731,7.446973,475.308145,495.049318,24.186607,0.792581,22.799972,24.772298,11.477601,0.399318,10.828781,11.859478
seq00_static_2300k.ply,2300000,FEC,50,2300000,5,588,15792.726541,113.066610,15640.094794,15885.949490,303.760045,17.768138,288.788699,324.390504,852.669223,3.127925,847.572589,855.515116,14515.070851,105.481034,14371.150217,14621.895523,89.476658,4.883014,84.831722,95.429592
seq00_static_2300k.ply,2300000,FEC1,50,2300000,5,588,940.971398,22.847751,906.065739,967.919262,304.738629,10.259245,297.295736,322.069704,471.355331,9.321049,455.135140,477.378186,39.342912,0.975762,37.658117,40.125491,81.932984,5.520720,74.400840,86.911666
seq00_static_2300k.ply,2300000,FECunion,50,2300000,5,588,865.814658,27.149505,836.643582,905.065288,309.559377,10.419282,294.594661,323.111317,465.690062,19.941780,445.849002,497.803965,23.340646,0.700212,22.547046,23.972109,11.305092,0.494871,10.544746,11.829242
seq00_static_2350k.ply,2350000,FEC,0,2350000,5,611,16662.068822,89.606440,16579.984705,16813.299202,310.684467,12.993080,292.213052,326.125274,851.287146,40.610035,786.545363,887.795468,15359.149192,110.055651,15261.032490,15540.008139,90.890590,2.768969,86.475264,94.057565
seq00_static_2350k.ply,2350000,FEC1,0,2350000,5,611,986.855484,14.027773,965.474035,1002.969125,306.248237,5.411050,300.047634,313.448939,509.805514,8.889899,496.849615,520.313393,42.391350,1.153892,40.854197,43.882133,81.774712,3.219885,79.194194,87.189179
seq00_static_2350k.ply,2350000,FECunion,0,2350000,5,611,905.805963,11.067758,892.939425,917.946923,310.256941,4.352039,306.519008,317.706807,497.546903,8.043438,491.158574,510.436095,24.249271,0.463748,23.420174,24.474460,11.392709,0.324956,10.866347,11.715073
seq00_static_2350k.ply,2350000,FEC,50,2350000,5,611,16662.671580,166.135167,16448.291079,16871.265011,305.758857,13.087100,292.961709,326.216578,879.657172,7.736578,868.648290,887.686293,15350.647973,158.184875,15158.702923,15565.792204,92.028198,6.388977,85.107767,101.892572
seq00_static_2350k.ply,2350000,FEC1,50,2350000,5,611,940.576814,22.300577,919.975691,964.917427,300.422738,5.144447,294.553164,305.292501,473.907976,9.791850,463.119019,484.144702,39.421704,1.181115,37.833915,40.509956,81.918892,4.893559,76.318105,87.750133
seq00_static_2350k.ply,2350000,FECunion,50,2350000,5,611,876.748078,20.957934,844.004118,898.509900,309.876479,7.044561,298.896377,317.952353,475.001540,11.981620,456.639032,486.639309,23.972712,0.466025,23.149129,24.276572,11.383021,0.456004,10.791372,11.891313
seq00_static_2400k.ply,2400000,FEC,0,2400000,5,622,17464.329064,225.071470,17102.502996,17708.528918,312.072457,1.960603,310.672700,314.961746,887.330419,19.265169,858.984203,912.217252,16129.234575,226.164486,15765.480515,16379.483301,95.134813,2.576267,92.260587,99.273414
seq00_static_2400k.ply,2400000,FEC1,0,2400000,5,622,997.727108,16.200037,981.484547,1016.465758,313.837666,4.622865,308.612961,320.912305,510.937070,11.024863,502.773293,527.387492,42.492103,0.945674,41.686881,43.826457,84.032755,5.420232,79.962668,90.841976
seq00_static_2400k.ply,2400000,FECunion,0,2400000,5,622,926.212469,12.716094,914.086746,945.049732,319.443524,7.407863,311.158798,326.715795,504.555708,5.081148,498.604770,511.634061,24.598121,0.100773,24.507115,24.710591,12.226406,0.590361,11.812119,13.230534
seq00_static_2400k.ply,2400000,FEC,50,2400000,5,622,17036.794929,524.378268,16315.504941,17527.136282,315.628130,10.456302,298.765831,324.937336,886.820676,31.587907,855.654488,938.898136,15706.635791,491.868903,15021.078675,16146.759768,89.568753,4.289826,82.573836,93.509680
seq00_static_2400k.ply,2400000,FEC1,50,2400000,5,622,977.512386,18.675492,945.630904,994.229198,309.304896,6.535506,298.688774,315.927374,498.446955,11.915106,482.718978,515.935835,41.503184,1.153752,40.180966,43.188430,81.454680,3.821080,77.878026,87.653464
seq00_static_2400k.ply,2400000,FECunion,50,2400000,5,622,916.101286,26.496672,891.622478,955.699354,317.978255,6.784750,312.058227,327.605602,499.214637,25.423760,476.425714,539.514068,24.791562,0.674164,24.224297,25.575309,12.174880,0.840383,11.468185,13.604510
seq00_static_2450k.ply,2450000,FEC,0,2450000,5,631,17888.841781,400.023118,17425.814493,18461.005907,329.018720,20.573468,307.035847,360.000209,926.122029,38.548406,860.731558,960.397456,16490.077074,382.467852,16054.020951,17037.656292,97.354008,1.738467,94.568684,99.354015
seq00_static_2450k.ply,2450000,FEC1,0,2450000,5,631,1042.254592,11.726091,1026.818944,1053.817446,329.609638,4.871776,323.509693,334.616258,535.779700,5.815779,526.456256,541.495819,44.041676,0.572432,43.249908,44.593396,85.415041,1.301200,83.708174,87.160930
seq00_static_2450k.ply,2450000,FECunion,0,2450000,5,631,916.485330,13.493913,903.121063,937.572340,321.753270,6.458122,316.134378,332.502965,496.985080,7.306991,488.536720,504.960640,24.736656,0.118710,24.565809,24.873766,12.137900,0.278407,11.988118,12.634644
seq00_static_2450k.ply,2450000,FEC,50,2450000,5,631,18195.820464,145.735183,18079.408703,18442.808970,320.530650,3.924558,317.463030,326.900873,922.802352,15.493354,904.254830,946.781256,16816.248948,137.860572,16707.954861,17054.903616,96.492117,4.217285,92.253141,101.494239
seq00_static_2450k.ply,2450000,FEC1,50,2450000,5,631,1008.089044,27.736277,969.168728,1029.730409,321.255223,12.715107,306.787043,337.330493,509.979056,13.185644,491.524767,521.098754,42.206572,0.914302,40.879479,42.963486,87.623459,5.489023,81.897801,96.065125
seq00_static_2450k.ply,2450000,FECunion,50,2450000,5,631,940.184010,10.853521,927.830236,952.142855,331.461878,4.379639,327.648390,338.957038,506.656506,11.596247,493.628940,525.257737,25.513707,0.183322,25.321612,25.750700,12.342357,0.092652,12.190895,12.416025
seq00_static_2500k.ply,2500000,FEC,0,2500000,5,642,17660.486378,93.638427,17556.983158,17801.043765,320.202630,11.110873,309.435885,337.064310,943.237024,8.955049,934.153554,958.193373,16243.167804,91.076561,16150.629473,16377.231576,96.421514,3.977087,92.525054,101.597354
seq00_static_2500k.ply,2500000,FEC1,0,2500000,5,642,1016.961824,26.057139,992.240868,1057.685862,323.678820,11.603308,311.916970,342.015561,517.136426,14.279461,499.871053,537.698026,42.538336,1.342617,40.534517,44.103427,84.997838,4.516583,79.187296,89.283536
seq00_static_2500k.ply,2500000,FECunion,0,2500000,5,642,957.511712,23.923958,934.874433,995.039423,336.067872,8.229259,324.172620,347.053425,515.637299,17.365024,490.765141,533.132916,25.462046,0.921602,24.458805,26.383830,12.088862,0.569925,11.602697,12.900304
seq00_static_2500k.ply,2500000,FEC,50,2500000,5,642,18796.388648,75.692828,18713.726803,18913.871643,337.030465,15.931427,309.605306,349.797376,948.063730,11.110455,933.612135,959.283008,17372.436064,90.611230,17273.540095,17511.991371,97.142071,4.541776,91.097174,102.583212
seq00_static_2500k.ply,2500000,FEC1,50,2500000,5,642,1012.921220,20.013292,991.923283,1037.351145,324.031735,10.992590,310.423347,335.861488,512.769672,8.521611,499.336833,522.378375,42.502402,1.069652,41.350907,44.089283,86.230501,5.926372,80.951322,93.250999
seq00_static_2500k.ply,2500000,FECunion,50,2500000,5,642,933.749540,21.405159,916.582125,965.775993,324.279346,5.503748,314.658755,328.587182,509.270795,17.141542,495.201070,530.082243,25.347702,0.095785,25.211120,25.456166,12.162948,0.277593,11.709258,12.419811
seq00_static_2550k.ply,2550000,FEC,0,2550000,5,653,18616.207630,630.285292,17984.413577,19288.409204,332.739660,8.307595,324.184370,341.856910,978.738437,18.344841,953.225305,996.700044,17152.771212,642.546637,16528.509882,17829.604415,99.827024,3.999483,93.929265,105.123654
seq00_static_2550k.ply,2550000,FEC1,0,2550000,5,653,1045.017656,2.070666,1042.977852,1048.262323,328.548256,4.962579,325.535965,337.182847,538.051342,6.094536,528.097151,543.815070,44.495052,0.598707,43.616876,45.234716,84.809840,1.805101,83.189714,87.746294
seq00_static_2550k.ply,2550000,FECunion,0,2550000,5,653,959.251995,15.756380,942.577395,980.575483,332.720793,9.474797,323.166722,346.724525,522.363943,9.975845,516.165089,539.980390,25.681480,0.188655,25.443047,25.924863,12.888180,0.667091,12.215341,13.872533
seq00_static_2550k.ply,2550000,FEC,50,2550000,5,653,19219.300163,175.607338,18984.461815,19414.796945,336.132268,7.712796,328.856928,345.676345,949.339363,19.536976,919.061588,967.229534,17786.870086,167.212854,17568.255364,17985.544200,95.915677,1.575087,94.117477,97.940853
seq00_static_2550k.ply,2550000,FEC1,50,2550000,5,653,1087.729323,29.123602,1037.088702,1108.736553,342.152831,9.535109,325.347197,348.497639,553.354722,16.547322,526.372034,569.344407,45.850225,1.383928,43.881177,47.294385,94.494169,4.353585,88.686102,98.345747
seq00_static_2550k.ply,2550000,FECunion,50,2550000,5,653,993.841124,17.595509,976.790599,1020.060330,352.654727,10.667794,342.802473,369.087137,531.417801,15.458686,510.703236,554.179890,26.710299,0.625266,25.721646,27.367924,12.932187,0.617757,11.886886,13.405411
seq00_static_2600k.ply,2600000,FEC,0,2600000,5,655,18847.291422,244.700092,18658.378239,19220.476314,329.932810,25.257120,292.846613,361.244595,948.416110,20.828208,916.578362,972.235993,17409.713626,268.117685,17187.617113,17829.455822,102.488043,3.536574,98.438792,105.887292
seq00_static_2600k.ply,2600000,FEC1,0,2600000,5,655,1042.328529,13.937859,1021.177102,1058.166070,327.198565,8.902912,316.410726,339.914672,534.831506,7.896878,528.804206,546.413376,44.566223,0.706864,43.747599,45.656800,86.103890,4.879784,81.847002,91.766752
seq00_static_2600k.ply,2600000,FECunion,0,2600000,5,655,952.976553,16.835158,931.453416,977.294870,328.168452,7.682260,321.238167,339.484062,521.800123,5.262516,513.539266,527.419015,25.517887,0.316519,25.252286,25.885111,12.292477,0.249592,12.085181,12.725014
seq00_static_2600k.ply,2600000,FEC,50,2600000,5,655,19626.068706,437.664985,19136.367823,20153.290907,337.000400,14.277766,322.738320,358.216081,978.285759,34.075813,934.211422,1018.863623,18161.521934,403.023964,17698.188242,18656.285839,100.428687,3.391560,96.608874,105.557148
seq00_static_2600k.ply,2600000,FEC1,50,2600000,5,655,1064.514915,8.100119,1057.722790,1078.092268,339.672629,6.263598,333.707412,346.482800,539.169471,7.591267,533.237838,551.926676,44.833696,1.058248,43.978073,46.668590,91.463559,5.586196,84.267162,96.448167
seq00_static_2600k.ply,2600000,FECunion,50,2600000,5,655,972.580181,9.784149,959.764505,982.113666,338.623417,5.907481,333.353680,347.770579,526.202704,12.379909,510.885226,543.175377,26.203863,0.106423,26.089930,26.352975,13.021012,0.679801,12.553768,14.156578
seq00_static_2650k.ply,2650000,FEC,0,2650000,5,671,20305.494546,152.423785,20038.857323,20402.658143,356.852767,10.576602,342.098021,371.753732,1004.507324,14.297721,987.416817,1025.033430,18776.280134,173.115215,18472.714798,18882.067503,105.466002,1.764365,102.441894,106.757270
seq00_static_2650k.ply,2650000,FEC1,0,2650000,5,671,1083.489202,11.105407,1071.544529,1098.059380,342.360471,6.861464,335.361312,353.763559,551.934298,5.270760,547.761505,559.498574,45.935304,0.662874,45.230165,46.942076,91.871692,5.324488,85.297840,96.322669
seq00_static_2650k.ply,2650000,FECunion,0,2650000,5,671,1046.677617,10.638270,1033.423931,1057.663905,367.086642,6.852229,362.211678,378.601100,570.694441,7.151540,562.831772,582.363956,28.132029,0.136473,27.955090,28.317397,13.528877,0.333742,13.356367,14.124229
seq00_static_2650k.ply,2650000,FEC,50,2650000,5,671,20984.543574,304.218024,20637.259406,21393.913014,366.902793,13.054456,344.526321,376.405761,1027.345450,21.774407,994.304227,1048.268909,19439.683054,282.016505,19117.371957,19823.374094,104.672757,3.606291,99.314133,107.460285
seq00_static_2650k.ply,2650000,FEC1,50,2650000,5,671,1077.861007,6.194751,1068.229437,1083.645566,347.793265,5.783845,343.819690,357.598956,542.454280,6.449758,533.956751,551.395409,45.068119,0.906819,43.768567,46.220911,93.297585,6.753672,85.239646,98.798048
seq00_static_2650k.ply,2650000,FECunion,50,2650000,5,671,998.328593,13.148613,983.146177,1017.765599,356.338130,6.655682,350.248866,366.906897,537.313060,12.284305,529.197529,559.032588,26.975739,0.130975,26.822254,27.122183,12.916887,0.056563,12.860974,13.004003
seq00_static_2700k.ply,2700000,FEC,0,2700000,5,695,21375.913355,192.009750,21182.049261,21655.302626,352.829631,8.231806,340.729913,361.639851,1053.742603,19.580166,1029.832752,1069.780852,19814.115994,184.327215,19640.273951,20085.605841,104.389057,3.020081,99.230727,106.555210
seq00_static_2700k.ply,2700000,FEC1,0,2700000,5,695,1105.024153,11.706020,1084.738080,1114.304433,349.357399,2.017264,347.577142,351.669478,562.490770,7.099292,553.822181,573.191054,46.204302,0.987292,44.554930,46.957866,96.310266,4.828373,90.830592,101.832917
seq00_static_2700k.ply,2700000,FECunion,0,2700000,5,695,1008.686680,10.696020,990.474270,1016.715845,354.682190,5.019017,347.467001,359.991845,546.606228,9.368194,536.010587,560.157339,27.097046,0.214928,26.838911,27.427602,13.415991,0.550128,12.766209,13.898379
seq00_static_2700k.ply,2700000,FEC,50,2700000,5,695,21063.944196,286.185060,20749.626033,21502.474394,362.379370,16.584609,333.951963,375.595028,1014.751704,19.207678,994.933582,1035.672616,19534.166568,265.050053,19237.249701,19948.854641,106.087482,4.480090,100.327153,110.556016
seq00_static_2700k.ply,2700000,FEC1,50,2700000,5,695,1014.847422,28.895160,985.790345,1055.027642,327.295781,13.110684,311.650733,345.521713,509.946817,17.196589,483.840236,530.467060,42.811747,1.520579,40.211791,44.173420,86.865724,4.630818,79.239025,90.092445
seq00_static_2700k.ply,2700000,FECunion,50,2700000,5,695,973.454037,12.600462,956.202990,991.185458,347.418188,4.742756,342.943913,354.039106,521.392492,12.722055,510.596892,542.679851,26.460673,0.257096,26.233031,26.747229,13.016437,0.715322,12.394498,14.138318
seq00_static_2750k.ply,2750000,FEC,0,2750000,5,716,21370.101383,184.784100,21162.452082,21659.737461,373.440643,9.829403,360.959381,388.031161,1065.631904,27.301821,1035.199944,1108.895306,19768.673041,191.810720,19586.144422,20080.365308,108.852369,3.971958,102.548579,113.309817
seq00_static_2750k.ply,2750000,FEC1,0,2750000,5,716,1130.861405,11.846367,1121.096733,1150.585665,367.230980,6.292967,357.664225,374.211235,570.179178,8.906279,559.988325,582.141458,47.024667,0.983215,45.939422,48.038580,95.137962,4.809179,89.664295,99.555110
seq00_static_2750k.ply,2750000,FECunion,0,2750000,5,716,1079.169171,13.797907,1062.221468,1092.450721,388.440427,7.510791,383.057868,400.301525,579.555534,7.079447,571.108817,588.584526,29.194266,0.314999,28.761117,29.649179,14.518524,0.513267,13.872329,15.089488
seq00_static_2750k.ply,2750000,FEC,50,2750000,5,716,21536.749864,555.191330,20922.720976,22225.759847,366.845524,16.717805,356.305761,396.567470,1050.211387,26.735066,1010.558396,1074.849562,19972.008087,516.076399,19418.721908,20605.857367,106.246690,4.278398,102.143216,111.129509
seq00_static_2750k.ply,2750000,FEC1,50,2750000,5,716,1169.828374,31.290178,1115.365707,1194.970558,389.185934,13.159019,366.533717,400.413212,581.921359,16.137877,554.102912,595.967825,48.714031,1.557454,46.018846,49.876298,97.396091,5.571883,89.360110,104.857024
seq00_static_2750k.ply,2750000,FECunion,50,2750000,5,716,1041.033445,11.039527,1031.670848,1058.849858,372.942917,7.020668,367.426950,384.739501,562.693971,8.727167,555.108327,577.313132,27.887058,0.220503,27.639661,28.196638,13.318913,0.121380,13.122439,13.455480
seq00_static_2800k.ply,2800000,FEC,0,2800000,5,724,22020.278199,700.188809,21288.629404,23040.222958,388.548877,6.284330,383.310170,397.419013,1099.272729,55.558540,1005.562387,1145.542334,20355.635653,719.219206,19623.216236,21366.426308,110.620084,3.236067,106.241287,114.927744
seq00_static_2800k.ply,2800000,FEC1,0,2800000,5,724,1178.736664,22.770235,1149.497612,1205.548898,385.610521,5.802931,375.661974,390.394737,591.905933,13.880838,569.414959,605.344490,49.039701,1.601785,46.855476,51.218436,98.959095,5.520533,93.022048,107.819219
seq00_static_2800k.ply,2800000,FECunion,0,2800000,5,724,1081.339984,14.095144,1060.647816,1095.867612,383.133470,4.992139,376.774140,388.055384,584.933259,8.093762,573.760514,594.778462,28.735236,0.155538,28.606459,29.004817,14.196409,0.536648,13.781529,15.100514
seq00_static_2800k.ply,2800000,FEC,50,2800000,5,724,22349.498749,544.981037,21521.590213,22940.874267,381.273036,19.852565,364.249785,414.750067,1094.604240,30.997064,1047.773729,1119.086853,20721.984809,514.895279,19946.032840,21305.212412,107.897163,2.835595,103.789580,111.229052
seq00_static_2800k.ply,2800000,FEC1,50,2800000,5,724,1126.222610,8.122936,1113.719963,1135.837664,374.898916,9.160400,366.851796,387.580922,558.085534,2.130395,554.540987,559.557586,46.234405,0.356281,45.760912,46.746553,95.467056,5.109457,90.642751,101.396442
seq00_static_2800k.ply,2800000,FECunion,50,2800000,5,724,1048.624677,41.106262,1016.350805,1118.201782,379.429225,14.475026,368.859470,404.880906,559.570950,23.641545,535.616105,596.921327,28.247265,0.924698,27.337797,29.683529,13.854686,0.661203,13.149116,14.803282
seq00_static_2850k.ply,2850000,FEC,0,2850000,5,729,22190.198872,328.472134,21940.699736,22764.291032,386.678139,7.853490,375.273796,396.045112,1124.508343,42.119305,1071.909029,1172.608880,20497.777245,323.373494,20233.107382,21061.171085,111.106665,1.160221,109.726385,112.390384
seq00_static_2850k.ply,2850000,FEC1,0,2850000,5,729,1198.956875,27.887856,1171.602436,1245.890368,386.384026,13.455020,375.807351,409.808894,604.473988,14.415295,590.488933,628.795088,49.985472,1.289911,48.609207,52.034618,102.975108,7.505907,95.416277,114.383100
seq00_static_2850k.ply,2850000,FECunion,0,2850000,5,729,1130.735831,6.771646,1123.630464,1138.152875,408.382758,6.092029,403.367870,418.705468,605.399210,3.131367,602.510250,609.101253,29.947429,0.207270,29.707674,30.188628,14.438393,0.380997,14.054004,14.870153
seq00_static_2850k.ply,2850000,FEC,50,2850000,5,729,23494.193325,188.231860,23330.965068,23760.446415,400.992911,9.002330,387.005264,408.771001,1141.605343,12.649645,1120.383026,1153.336327,21786.690477,185.688518,21629.014118,22036.379192,115.504245,2.168599,113.685524,119.057893
seq00_static_2850k.ply,2850000,FEC1,50,2850000,5,729,1197.021477,9.836364,1185.847946,1207.693485,401.761362,8.454479,393.327068,411.965594,591.980983,5.600576,585.321687,597.872624,49.175311,0.402260,48.682595,49.709726,100.304981,5.408195,95.854023,107.466885
seq00_static_2850k.ply,2850000,FECunion,50,2850000,5,729,1086.971094,20.140623,1066.622714,1115.298791,391.283282,2.459536,387.576713,393.284122,582.294777,14.545209,567.605701,604.078159,28.930091,0.315609,28.587484,29.402683,14.206838,0.345239,13.915411,14.776172
seq00_static_2900k.ply,2900000,FEC,0,2900000,5,738,23059.938213,326.783948,22505.959026,23273.775682,403.143915,33.608044,343.700109,422.412946,1167.149527,43.906838,1136.660079,1237.734806,21295.616319,275.003019,20834.187760,21512.487894,115.671863,4.706069,108.336710,119.958763
seq00_static_2900k.ply,2900000,FEC1,0,2900000,5,738,1275.601372,7.476738,1267.075022,1285.665500,415.110121,6.114137,409.349038,423.874038,640.522568,7.022571,632.485424,650.389931,52.739187,0.634805,51.899462,53.604158,107.805084,5.908102,101.128301,112.674884
seq00_static_2900k.ply,2900000,FECunion,0,2900000,5,738,1158.630512,7.379432,1150.046609,1169.178913,417.241676,4.309073,415.147817,424.944147,622.136609,4.808236,616.190210,626.227029,30.849746,0.164898,30.672848,31.077377,14.851170,0.187228,14.611711,15.123419
seq00_static_2900k.ply,2900000,FEC,50,2900000,5,738,23095.061223,284.262081,22808.359768,23523.232425,396.245749,18.150577,372.311571,419.496869,1128.439591,43.930174,1078.479625,1191.284259,21405.667508,269.068259,21192.734875,21842.500478,109.395989,4.723716,103.383575,116.385315
seq00_static_2900k.ply,2900000,FEC1,50,2900000,5,738,1209.568950,24.324578,1174.323442,1232.722412,394.286493,4.656438,387.060301,398.419575,606.248919,21.777749,582.548724,634.150817,50.629149,2.192650,48.225369,53.239223,101.693395,6.171628,94.455696,107.061092
seq00_static_2900k.ply,2900000,FECunion,50,2900000,5,738,1177.440831,15.052945,1154.305469,1190.436505,422.718302,4.287071,419.182417,429.664165,631.170037,11.504567,613.476353,642.928398,30.858614,0.239583,30.693460,31.278359,15.117638,0.411232,14.736216,15.808758
seq00_static_2950k.ply,2950000,FEC,0,2950000,5,742,23583.152183,629.063877,22582.579393,24170.968108,411.407903,12.963973,400.877104,427.254191,1190.842522,30.087548,1149.478248,1227.125545,21794.472400,606.367204,20836.014204,22380.034231,115.828534,3.226684,112.849542,119.950678
seq00_static_2950k.ply,2950000,FEC1,0,2950000,5,742,1301.914492,19.415391,1271.640739,1320.985013,426.376420,9.143940,418.477449,440.704735,652.391840,12.481059,637.685626,670.965893,54.274926,1.026206,53.067721,55.894604,106.533729,4.486696,102.902780,112.004039
seq00_static_2950k.ply,2950000,FECunion,0,2950000,5,742,1117.829746,29.554524,1093.192131,1164.999278,402.789580,11.064682,392.875330,418.445387,600.059421,15.772351,584.642467,624.712379,29.389019,0.699520,28.953795,30.615791,14.409850,0.802353,13.551092,15.530816
seq00_static_2950k.ply,2950000,FEC,50,2950000,5,742,24807.128468,234.243874,24605.534909,25090.072550,405.540011,3.554834,399.416595,408.434684,1194.475287,30.658802,1169.562145,1246.902807,23044.295624,213.801431,22849.952747,23323.626958,117.603261,2.430015,115.850045,121.725936
seq00_static_2950k.ply,2950000,FEC1,50,2950000,5,742,1256.454614,13.533925,1242.199081,1278.564776,416.797899,11.636646,400.258831,427.147742,623.148164,3.544777,618.056981,627.613148,51.182475,0.361674,50.745176,51.553513,108.693582,6.938344,99.686205,115.103734
seq00_static_2950k.ply,2950000,FECunion,50,2950000,5,742,1122.723082,11.133353,1113.486470,1137.989889,411.590213,9.262576,401.266452,421.620859,595.327767,3.819216,592.567618,601.722194,30.540736,0.383487,30.146373,31.119748,14.707931,0.997423,13.705698,16.386942
seq00_static_3M.ply,3000000,FEC,0,3000000,5,761,25412.870926,421.956195,24899.114672,25943.594407,421.100643,12.349106,407.969830,439.090045,1195.008527,21.398822,1164.909936,1220.578386,23632.984624,392.540948,23131.265263,24129.715807,116.305508,7.449251,104.251321,122.299890
seq00_static_3M.ply,3000000,FEC1,0,3000000,5,761,1253.324853,32.162121,1218.386225,1302.913365,403.006511,9.857075,397.740722,420.567055,634.108756,17.812401,618.370559,661.513027,51.758079,1.390098,50.523187,53.916194,108.523683,6.628334,97.245870,113.468660
seq00_static_3M.ply,3000000,FECunion,0,3000000,5,761,1182.282884,23.815111,1141.780660,1202.152166,424.729290,6.412790,414.387821,431.787661,634.375640,13.739502,611.329491,647.704440,31.464814,0.615498,30.597123,32.197113,15.521917,0.630012,14.899676,16.347403
seq00_static_3M.ply,3000000,FEC,50,3000000,5,761,25909.569934,185.756738,25701.132527,26175.746444,420.540085,4.571672,414.261947,424.605926,1200.235302,20.171131,1176.597376,1224.964783,24120.945403,188.381725,23905.016333,24383.275536,119.111380,1.865277,117.334999,121.671215
seq00_static_3M.ply,3000000,FEC1,50,3000000,5,761,1306.669776,12.881762,1288.702535,1319.406580,434.090025,6.958771,426.724847,445.595378,647.114016,12.859601,627.848148,660.255099,53.669886,1.412391,51.843017,55.299457,112.371081,6.103566,105.185206,117.306785
seq00_static_3M.ply,3000000,FECunion,50,3000000,5,761,1162.217246,14.407649,1146.475122,1180.922990,423.638242,12.613618,405.929627,436.619286,619.100584,7.800075,612.990278,631.652631,31.451408,0.671518,30.440817,32.105356,15.041819,0.182589,14.752236,15.187803
