sample,mode,sequence,frame_id,target_points,points,max_n,min_cluster_size,tolerance,total_ms,build_ms,search_ms,merge_ms,final_ms,search_calls,avg_search_ms,total_neighbors_returned,avg_neighbors_returned,max_neighbors_returned,saturation_count,saturation_rate,neighbor_scan_pass1,neighbor_scan_pass2,relabel_trigger_count,relabel_point_visits,clusters,clustered_points
fusion_seq00_1000000,fusion,00,,1000000,1000000,0,100,0.200000,2750.871135,133.837174,261.589867,2308.876353,35.649222,134607,0.001943,1959266,14.555454,58,0,0.000000,1959266,1959266,10739,10739000000,286,933040
fusion_seq00_1000000,fusion,00,,1000000,1000000,50,100,0.200000,2751.668216,112.561884,271.487910,2327.905809,30.983864,134607,0.002017,1959208,14.555023,50,28,0.000208,1959208,1959208,10739,10739000000,286,933040
fusion_seq00_1500000,fusion,00,,1500000,1500000,0,100,0.200000,5993.525533,216.305373,474.332213,5228.359258,57.263300,197596,0.002401,2940845,14.883120,59,0,0.000000,2940845,2940845,15801,23701500000,379,1406010
fusion_seq00_1500000,fusion,00,,1500000,1500000,50,100,0.200000,6045.828596,198.631356,479.403778,5302.400951,51.494171,197595,0.002426,2940774,14.882836,50,36,0.000182,2940774,2940774,15800,23700000000,379,1406010
fusion_seq00_2000000,fusion,00,,2000000,2000000,0,100,0.200000,10614.037405,272.223953,650.537845,9591.261091,73.777543,266731,0.002439,3901856,14.628431,59,0,0.000000,3901856,3901856,21927,43854000000,508,1867144
fusion_seq00_2000000,fusion,00,,2000000,2000000,50,100,0.200000,10872.872062,230.491228,660.874403,9893.724017,65.942746,266731,0.002478,3901808,14.628251,50,37,0.000139,3901808,3901808,21926,43852000000,508,1867144
fusion_seq00_200000,fusion,00,,200000,200000,0,100,0.200000,198.759535,22.791436,46.993657,118.944579,7.761995,31569,0.001489,365680,11.583515,52,0,0.000000,365680,365680,2644,528800000,112,175996
fusion_seq00_200000,fusion,00,,200000,200000,50,100,0.200000,191.429004,16.884977,46.549504,119.861908,6.317007,31569,0.001475,365678,11.583452,50,1,0.000032,365678,365678,2644,528800000,112,175996
fusion_seq00_3000000,fusion,00,,3000000,3000000,0,100,0.200000,23061.076909,434.456760,1128.200533,21353.125938,108.090976,398923,0.002828,5872842,14.721743,59,0,0.000000,5872842,5872842,33134,99402000000,761,2805534
fusion_seq00_3000000,fusion,00,,3000000,3000000,50,100,0.200000,24435.376371,373.143126,1202.352355,22709.581125,116.510587,398923,0.003014,5872790,14.721613,50,41,0.000103,5872790,5872790,33133,99399000000,761,2805534
fusion_seq00_500000,fusion,00,,500000,500000,0,100,0.200000,898.988713,69.041063,142.727178,663.702003,17.896361,70918,0.002013,946374,13.344623,57,0,0.000000,946374,946374,5823,2911500000,181,458085
fusion_seq00_500000,fusion,00,,500000,500000,50,100,0.200000,846.879628,55.002263,127.102967,645.051573,15.381213,70918,0.001792,946341,13.344158,50,13,0.000183,946341,946341,5823,2911500000,181,458085
fusion_seq00_50000,fusion,00,,50000,50000,0,100,0.200000,21.094051,3.557921,8.875249,6.216453,1.768121,12289,0.000722,86271,7.020181,32,0,0.000000,86271,86271,572,28600000,39,34601
fusion_seq00_50000,fusion,00,,50000,50000,50,100,0.200000,20.420383,3.356572,8.673146,6.289339,1.486764,12289,0.000706,86271,7.020181,32,0,0.000000,86271,86271,572,28600000,39,34601
single_frame_seq00_000000,single-frame,00,000000,0,56795,0,100,0.200000,24.399458,6.782932,10.162494,4.907333,1.733764,13063,0.000778,113858,8.716068,126,0,0.000000,113858,113858,365,20730175,42,43129
single_frame_seq00_000000,single-frame,00,000000,0,56795,50,100,0.200000,21.098245,3.327591,10.243504,4.904208,1.965994,13183,0.000777,113291,8.593719,50,501,0.038003,113291,113291,365,20730175,42,43126
single_frame_seq00_000010,single-frame,00,000010,0,67262,0,100,0.200000,23.425127,4.818556,10.678187,5.078383,2.057384,12327,0.000866,141748,11.498986,305,0,0.000000,141748,141748,361,24281582,38,55185
single_frame_seq00_000010,single-frame,00,000010,0,67262,50,100,0.200000,22.849082,3.887517,11.341949,5.233040,1.729567,12613,0.000899,140401,11.131452,50,877,0.069531,140401,140401,366,24617892,37,55187
single_frame_seq00_000020,single-frame,00,000020,0,71627,0,100,0.200000,25.189134,4.953350,11.682398,5.447452,2.210079,13386,0.000873,152052,11.359032,505,0,0.000000,152052,152052,363,26000601,42,59069
single_frame_seq00_000020,single-frame,00,000020,0,71627,50,100,0.200000,26.630072,4.198610,13.345292,6.335882,2.028408,13736,0.000972,150268,10.939720,50,858,0.062464,150268,150268,363,26000601,42,59073
single_frame_seq00_000030,single-frame,00,000030,0,72362,0,100,0.200000,23.581887,5.432334,10.928442,4.611045,1.938919,11359,0.000962,160371,14.118408,343,0,0.000000,160371,160371,317,22938754,34,62829
single_frame_seq00_000030,single-frame,00,000030,0,72362,50,100,0.200000,23.614008,4.152516,12.225621,4.814093,1.788199,11974,0.001021,157708,13.170870,50,1250,0.104393,157708,157708,321,23228202,34,62854
single_frame_seq00_000040,single-frame,00,000040,0,72608,0,100,0.200000,22.018785,4.427937,10.602811,4.801903,1.590566,10377,0.001022,164481,15.850535,478,0,0.000000,164481,164481,311,22581088,39,63129
single_frame_seq00_000040,single-frame,00,000040,0,72608,50,100,0.200000,23.687029,4.014009,12.592495,4.774319,1.675968,11101,0.001134,159877,14.402036,50,1541,0.138816,159877,159877,313,22726304,39,63131
single_frame_seq00_000050,single-frame,00,000050,0,70515,0,100,0.200000,21.172347,4.572794,10.114670,4.363633,1.518774,10547,0.000959,158250,15.004267,517,0,0.000000,158250,158250,285,20096775,35,60115
single_frame_seq00_000050,single-frame,00,000050,0,70515,50,100,0.200000,22.947876,4.051931,12.374245,4.230430,1.609972,11288,0.001096,152661,13.524185,50,1470,0.130227,152661,152661,286,20167290,35,60115
single_frame_seq00_000060,single-frame,00,000060,0,75880,0,100,0.200000,26.772133,5.286902,12.129548,6.705980,1.928980,11849,0.001024,165901,14.001266,346,0,0.000000,165901,165901,368,27923840,38,65044
single_frame_seq00_000060,single-frame,00,000060,0,75880,50,100,0.200000,26.808564,4.795470,13.354154,6.087899,1.868947,12369,0.001080,162959,13.174792,50,1217,0.098391,162959,162959,368,27923840,38,65032
single_frame_seq00_000070,single-frame,00,000070,0,71316,0,100,0.200000,21.296163,4.733693,10.533094,3.803753,1.607511,9639,0.001093,160661,16.667808,249,0,0.000000,160661,160661,245,17472420,33,62465
single_frame_seq00_000070,single-frame,00,000070,0,71316,50,100,0.200000,23.212429,4.219036,12.530121,4.130433,1.734863,10233,0.001224,157338,15.375550,50,1351,0.132024,157338,157338,246,17543736,34,62476
single_frame_seq00_000080,single-frame,00,000080,0,74867,0,100,0.200000,24.200575,4.952348,11.150709,5.684656,1.662445,9914,0.001125,169080,17.054670,350,0,0.000000,169080,169080,312,23358504,36,65812
single_frame_seq00_000080,single-frame,00,000080,0,74867,50,100,0.200000,25.353693,4.539074,13.366356,5.131140,1.682723,10638,0.001256,165809,15.586482,50,1612,0.151532,165809,165809,312,23358504,36,65782
single_frame_seq00_000090,single-frame,00,000090,0,74296,0,100,0.200000,26.493727,5.460534,12.387213,6.012780,1.916847,11761,0.001053,163323,13.886829,428,0,0.000000,163323,163323,367,27266632,34,62985
single_frame_seq00_000090,single-frame,00,000090,0,74296,50,100,0.200000,27.846644,4.659292,14.375733,6.250532,1.809344,12487,0.001151,159732,12.791864,50,1515,0.121326,159732,159732,368,27340928,34,62985
single_frame_seq08_000000,single-frame,08,000000,0,41313,0,100,0.200000,20.849746,3.113589,10.268680,5.185606,1.457070,16030,0.000641,66960,4.177168,126,0,0.000000,66960,66960,561,23176593,39,18494
single_frame_seq08_000000,single-frame,08,000000,0,41313,50,100,0.200000,20.576302,2.770338,10.035185,5.553757,1.406429,16084,0.000624,66924,4.160905,50,131,0.008145,66924,66924,562,23217906,39,18494
single_frame_seq08_000010,single-frame,08,000010,0,41632,0,100,0.200000,20.525530,3.136362,10.354739,4.731905,1.434853,16787,0.000617,66565,3.965271,286,0,0.000000,66565,66565,489,20358048,36,17500
single_frame_seq08_000010,single-frame,08,000010,0,41632,50,100,0.200000,21.438182,2.674816,11.192573,5.200471,1.414754,16864,0.000664,66461,3.940999,50,137,0.008124,66461,66461,488,20316416,36,17500
single_frame_seq08_000020,single-frame,08,000020,0,42063,0,100,0.200000,19.728258,2.943276,10.282105,4.197618,1.391821,17852,0.000576,65099,3.646594,153,0,0.000000,65099,65099,443,18633909,40,15859
single_frame_seq08_000020,single-frame,08,000020,0,42063,50,100,0.200000,20.169504,2.611525,10.742174,4.446146,1.434342,17887,0.000601,65320,3.651814,50,84,0.004696,65320,65320,442,18591846,40,15859
single_frame_seq08_000030,single-frame,08,000030,0,41958,0,100,0.200000,19.672161,2.913719,10.374598,4.032351,1.438690,18090,0.000573,64449,3.562687,138,0,0.000000,64449,64449,411,17244738,42,15716
single_frame_seq08_000030,single-frame,08,000030,0,41958,50,100,0.200000,18.776581,2.616815,9.949923,3.913752,1.378987,18108,0.000549,64555,3.564999,50,61,0.003369,64555,64555,411,17244738,42,15716
single_frame_seq08_000040,single-frame,08,000040,0,43754,0,100,0.200000,20.579552,3.146671,11.061938,3.975646,1.428049,17900,0.000618,69315,3.872346,144,0,0.000000,69315,69315,367,16057718,39,17463
single_frame_seq08_000040,single-frame,08,000040,0,43754,50,100,0.200000,18.919643,2.755810,9.989816,3.762202,1.462214,17939,0.000557,69214,3.858298,50,127,0.007080,69214,69214,369,16145226,39,17469
single_frame_seq08_000050,single-frame,08,000050,0,45438,0,100,0.200000,21.070074,3.565998,10.849627,4.244393,1.482624,17648,0.000615,75291,4.266262,328,0,0.000000,75291,75291,399,18129762,37,19738
single_frame_seq08_000050,single-frame,08,000050,0,45438,50,100,0.200000,20.021594,2.876128,10.627627,4.163603,1.462815,17789,0.000597,75026,4.217550,50,277,0.015571,75026,75026,400,18175200,37,19738
single_frame_seq08_000060,single-frame,08,000060,0,40368,0,100,0.200000,18.834732,2.883162,10.225622,3.484966,1.350923,17531,0.000583,62184,3.547088,139,0,0.000000,62184,62184,354,14290272,42,15014
single_frame_seq08_000060,single-frame,08,000060,0,40368,50,100,0.200000,17.825416,2.482621,9.732847,3.375339,1.365902,17550,0.000555,61937,3.529174,50,59,0.003362,61937,61937,355,14330640,42,15014
single_frame_seq08_000070,single-frame,08,000070,0,39344,0,100,0.200000,17.134476,2.732806,9.471356,2.814299,1.293545,16175,0.000586,63007,3.895332,195,0,0.000000,63007,63007,305,11999920,40,15698
single_frame_seq08_000070,single-frame,08,000070,0,39344,50,100,0.200000,16.780474,2.355239,9.397723,2.892892,1.314044,16243,0.000579,62930,3.874284,50,181,0.011143,62930,62930,306,12039264,40,15698
single_frame_seq08_000080,single-frame,08,000080,0,47406,0,100,0.200000,18.548810,3.416995,9.868384,3.034803,1.413563,15164,0.000651,87672,5.781588,464,0,0.000000,87672,87672,277,13131462,31,25701
single_frame_seq08_000080,single-frame,08,000080,0,47406,50,100,0.200000,19.391459,2.891196,11.026500,3.186208,1.413282,15644,0.000705,86032,5.499361,50,805,0.051457,86032,86032,279,13226274,31,25687
single_frame_seq08_000090,single-frame,08,000090,0,46434,0,100,0.200000,18.626235,3.415762,10.733272,2.290013,1.330835,15094,0.000711,87177,5.775606,461,0,0.000000,87177,87177,195,9054630,27,25850
single_frame_seq08_000090,single-frame,08,000090,0,46434,50,100,0.200000,18.185630,2.922316,10.853203,2.230630,1.360983,15623,0.000695,84568,5.413045,50,797,0.051015,84568,84568,195,9054630,27,25850
single_frame_seq09_000000,single-frame,09,000000,0,56288,0,100,0.200000,25.519377,3.955714,11.425669,7.657476,1.591324,15744,0.000726,105899,6.726308,102,0,0.000000,105899,105899,644,36249472,29,39615
single_frame_seq09_000000,single-frame,09,000000,0,56288,50,100,0.200000,25.187391,3.474889,11.595758,7.811497,1.510281,15800,0.000734,105916,6.703544,50,245,0.015506,105916,105916,643,36193184,29,39613
single_frame_seq09_000010,single-frame,09,000010,0,57624,0,100,0.200000,27.369926,4.186511,12.071864,8.699862,1.610750,15284,0.000790,109293,7.150811,104,0,0.000000,109293,109293,703,40509672,31,42399
single_frame_seq09_000010,single-frame,09,000010,0,57624,50,100,0.200000,27.982258,4.066139,12.756572,8.665238,1.713849,15348,0.000831,109113,7.109265,50,287,0.018700,109113,109113,701,40394424,31,42399
single_frame_seq09_000020,single-frame,09,000020,0,59410,0,100,0.200000,27.859688,4.314320,12.350535,8.717105,1.676517,14578,0.000847,115964,7.954726,119,0,0.000000,115964,115964,669,39745290,26,44229
single_frame_seq09_000020,single-frame,09,000020,0,59410,50,100,0.200000,27.464511,3.880554,12.162288,8.849642,1.752048,14662,0.000830,115541,7.880303,50,370,0.025235,115541,115541,668,39685880,26,44232
single_frame_seq09_000030,single-frame,09,000030,0,65281,0,100,0.200000,32.242789,5.952846,12.728991,10.481119,2.168975,14155,0.000899,130428,9.214271,135,0,0.000000,130428,130428,706,46088386,20,50079
single_frame_seq09_000030,single-frame,09,000030,0,65281,50,100,0.200000,29.988553,4.349952,13.158838,9.792186,1.946147,14308,0.000920,129725,9.066606,50,554,0.038720,129725,129725,711,46414791,19,50077
single_frame_seq09_000040,single-frame,09,000040,0,76837,0,100,0.200000,41.771476,5.818879,15.511002,16.987871,2.509048,16896,0.000918,149736,8.862216,146,0,0.000000,149736,149736,978,75146586,39,55189
single_frame_seq09_000040,single-frame,09,000040,0,76837,50,100,0.200000,40.125479,5.258130,15.974178,15.735937,2.246678,17073,0.000936,149186,8.738125,50,624,0.036549,149186,149186,977,75069749,39,55213
single_frame_seq09_000050,single-frame,09,000050,0,83126,0,100,0.200000,46.256793,6.168431,16.696589,19.840579,2.463778,19395,0.000861,154272,7.954215,114,0,0.000000,154272,154272,1111,92352986,37,58755
single_frame_seq09_000050,single-frame,09,000050,0,83126,50,100,0.200000,45.701695,5.751504,16.366526,20.068600,2.509048,19446,0.000842,154142,7.926669,50,255,0.013113,154142,154142,1116,92768616,37,58761
single_frame_seq09_000060,single-frame,09,000060,0,83498,0,100,0.200000,50.361570,7.150453,17.483965,22.067024,2.380240,19533,0.000895,157312,8.053653,123,0,0.000000,157312,157312,1165,97275170,31,59063
single_frame_seq09_000060,single-frame,09,000060,0,83498,50,100,0.200000,45.882496,5.885232,16.576699,20.119825,2.283736,19609,0.000845,157033,8.008211,50,361,0.018410,157033,157033,1162,97024676,31,59063
single_frame_seq09_000070,single-frame,09,000070,0,81575,0,100,0.200000,46.079675,6.063392,16.637140,19.864125,2.453032,18941,0.000878,155197,8.193707,172,0,0.000000,155197,155197,1146,93484950,47,58569
single_frame_seq09_000070,single-frame,09,000070,0,81575,50,100,0.200000,44.675035,5.606679,16.094485,19.652899,2.354083,18999,0.000847,154906,8.153376,50,331,0.017422,154906,154906,1146,93484950,47,58605
single_frame_seq09_000080,single-frame,09,000080,0,75884,0,100,0.200000,41.789099,5.585997,15.318369,17.599547,2.300570,18253,0.000839,141340,7.743385,106,0,0.000000,141340,141340,1116,84686544,29,52795
single_frame_seq09_000080,single-frame,09,000080,0,75884,50,100,0.200000,42.324966,5.104323,15.412630,18.646916,2.210233,18320,0.000841,141673,7.733242,50,312,0.017031,141673,141673,1118,84838312,29,52795
single_frame_seq09_000090,single-frame,09,000090,0,67577,0,100,0.200000,38.788928,5.170716,14.007568,16.466546,2.139252,18559,0.000755,119788,6.454443,84,0,0.000000,119788,119788,1181,79808437,39,43434
single_frame_seq09_000090,single-frame,09,000090,0,67577,50,100,0.200000,38.835105,4.656835,14.231875,16.803543,2.188937,18591,0.000766,120281,6.469851,50,127,0.006831,120281,120281,1178,79605706,39,43421
